Country,ISO,Start Year,AID Contribution ('000 US$),Total Deaths,No. Injured,"Total Damage, Adjusted ('000 US$)"
Canada,CAN,1912,0,28,200,157862
Japan,JPN,1923,0,143000,103733,10692938
Japan,JPN,1927,0,3022,3295,700572
Dominican Republic,DOM,1930,0,2000,6000,729937
Chile,CHL,1939,0,30000,58500,20170419
Chile,CHL,1943,0,12,35,1761553
Türkiye,TUR,1943,0,4020,5000,704621
Argentina,ARG,1944,0,10000,35000,1731527
Japan,JPN,1948,0,5131,11000,12697863
Cuba,CUB,1948,0,11,300,76187
Chile,CHL,1949,0,35,155,499378
Chile,CHL,1949,0,6,18,66584
Jamaica,JAM,1951,0,154,200,656382
Fiji,FJI,1952,0,23,800,22913
United States of America,USA,1952,0,12,200,687403
Philippines,PHL,1952,0,995,349,572836
Greece,GRC,1953,0,476,2412,1137122
Chile,CHL,1953,0,12,40,5685610
Chile,CHL,1953,0,3,15,83124
Algeria,DZA,1954,0,1250,5000,67974
Greece,GRC,1954,0,31,200,35686
Philippines,PHL,1955,0,400,2000,56900
Afghanistan,AFG,1956,0,100,2000,280228
Mexico,MEX,1957,0,160,100,271167
Iran (Islamic Republic of),IRN,1957,0,3000,5000,54233
Chile,CHL,1960,0,6000,3000,5666472
Anguilla,AIA,1960,0,5,250,360594
Iran (Islamic Republic of),IRN,1962,0,12000,3000,302183
Libya,LBY,1963,0,300,375,49747
Yugoslavia,YUG,1963,0,1070,3300,9949447
Japan,JPN,1964,0,25,376,7859046
Philippines,PHL,1964,0,56,163,78590
Panama,PAN,1964,0,1,18,2947
Republic of Korea,KOR,1964,0,210,300,9824
Türkiye,TUR,1964,0,23,100,49119
Philippines,PHL,1964,0,580,1258,343833
Algeria,DZA,1965,0,2,350,19341
Greece,GRC,1965,0,38,253,77364
Chile,CHL,1965,0,400,350,1208814
United States of America,USA,1965,0,271,1000,1837397
El Salvador,SLV,1965,0,125,1138,338468
Yugoslavia,YUG,1965,0,3,15000,3355668
Bangladesh,BGD,1965,0,36000,600000,557989
Republic of Korea,KOR,1965,0,323,245,352974
Philippines,PHL,1965,0,355,785,96705
Brazil,BRA,1966,0,373,1700,478761
Republic of Korea,KOR,1966,0,22,52,723
Greece,GRC,1966,0,1,50,37550
Peru,PER,1966,0,8,100,46937
Jordan,JOR,1966,0,259,92,13142
Indonesia,IDN,1966,0,176,100,309787
Uganda,UGA,1966,0,104,510,14081
Democratic Republic of the Congo,COD,1966,0,24,600,1877
Brazil,BRA,1966,0,147,57,93067
Taiwan (Province of China),TWN,1966,0,36,21,162610
"China, Hong Kong Special Administrative Region",HKG,1966,0,65,68,75100
Nepal,NPL,1966,0,80,100,9387
Republic of Korea,KOR,1966,0,95,85,17836
Türkiye,TUR,1966,0,2394,1500,187749
Japan,JPN,1966,0,314,41,74161
Thailand,THA,1966,0,6,200,9387
Greece,GRC,1966,0,1,123,131425
Dominican Republic,DOM,1966,0,74,442,46937
Haiti,HTI,1966,0,480,881,187749
Cuba,CUB,1966,0,5,30,168974
Bahamas,BHS,1966,0,5,3,145506
Algeria,DZA,1966,0,57,12,93875
Mexico,MEX,1966,0,14,69,225299
Peru,PER,1966,0,120,1500,140812
Colombia,COL,1966,0,1,11,75100
Chile,CHL,1966,0,4,6,3755
Peru,PER,1967,0,25,300,137013
Brazil,BRA,1967,0,785,1257,71247
Australia,AUS,1967,0,62,100,625693
Colombia,COL,1967,0,61,200,5481
Viet Nam,VNM,1967,0,3,11,4567
Greece,GRC,1967,0,9,56,45671
Myanmar,MMR,1967,0,100,200,45671
Belgium,BEL,1967,0,323,150,182684
Türkiye,TUR,1967,0,183,360,27403
Venezuela (Bolivarian Republic of),VEN,1967,0,240,1536,1278788
Portugal,PRT,1967,0,462,100,27403
Yugoslavia,YUG,1967,0,7,70,182684
Albania,ALB,1967,0,11,134,182684
India,IND,1967,0,177,2272,3654
Brazil,BRA,1967,0,35,50,13701
Italy,ITA,1968,0,224,563,2189998
Guatemala,GTM,1968,0,2,10,175
Bolivia (Plurinational State of),BOL,1968,0,24,200,26280
Greece,GRC,1968,0,19,18,5256
Bangladesh,BGD,1968,0,118,1045,13140
Iran (Islamic Republic of),IRN,1968,0,38,100,8760
Japan,JPN,1968,0,47,281,1147559
Peru,PER,1968,0,11,120,876
Bangladesh,BGD,1968,0,221,100000,1746742
Philippines,PHL,1968,0,271,261,43800
Iran (Islamic Republic of),IRN,1968,0,10000,4050,306600
Yugoslavia,YUG,1968,0,1,30,338136
New Zealand,NZL,1968,0,3,14,23380
Madagascar,MDG,1969,0,81,40,41531
Brazil,BRA,1969,0,316,3221,47927
Ethiopia,ETH,1969,0,24,165,2658
Bangladesh,BGD,1969,0,849,15530,69183
El Salvador,SLV,1969,0,2,40,13290
Republic of Korea,KOR,1969,0,408,409,186060
Taiwan (Province of China),TWN,1969,0,194,408,730952
Algeria,DZA,1969,0,76,237,83063
Peru,PER,1969,0,150,216,41531
Costa Rica,CRI,1969,0,7,23,33225
Yugoslavia,YUG,1969,0,15,1116,415314
Cyprus,CYP,1969,0,3,100,831
Morocco,MAR,1970,0,11,3,235442
Peru,PER,1970,0,3,50,40810
Türkiye,TUR,1970,0,1086,2776,436353
Panama,PAN,1970,0,48,500,117721
Costa Rica,CRI,1970,0,23,40,47088
Peru,PER,1970,0,66794,143331,4159483
India,IND,1970,0,627,1000,794226
Barbados,BRB,1970,0,3,10,3924
Philippines,PHL,1970,0,1551,985,671011
Papua New Guinea,PNG,1970,0,15,20,13734
Philippines,PHL,1970,0,786,2075,766412
Ecuador,ECU,1970,0,29,120,31392
Peru,PER,1970,0,29,252,15696
Philippines,PHL,1970,0,575,1593,95040
Philippines,PHL,1970,0,631,76,371975
Philippines,PHL,1970,0,80,248,100338
Italy,ITA,1971,0,22,100,313042
United States of America,USA,1971,0,65,2000,4161350
Brazil,BRA,1971,0,109,2000,39130
Türkiye,TUR,1971,0,878,1200,37625
Philippines,PHL,1971,0,57,3,4440
Chile,CHL,1971,0,85,451,1778921
Nicaragua,NIC,1971,0,35,50,2860
Philippines,PHL,1972,0,204,28,167592
Madagascar,MDG,1972,0,91,56,90500
Iran (Islamic Republic of),IRN,1972,0,5057,1332,7287
Republic of Korea,KOR,1972,0,672,785,530465
Republic of Korea,KOR,1972,0,75,54,4620
Philippines,PHL,1972,0,100,650,72866
Nicaragua,NIC,1972,0,10000,20000,6157184
Philippines,PHL,1973,0,14,64,3088
Costa Rica,CRI,1973,0,21,98,1373
Jamaica,JAM,1973,0,6,10,11667
Cambodia,KHM,1974,0,130,164,3708
Philippines,PHL,1974,0,21,16,12359
Peru,PER,1974,0,78,2414,61795
Philippines,PHL,1974,0,26,40,56852
Philippines,PHL,1974,0,13,9,71682
Philippines,PHL,1974,0,23,50,129770
Philippines,PHL,1974,0,3,2,19774
Australia,AUS,1974,0,65,640,4943614
Pakistan,PAK,1974,0,4700,15000,20114
Thailand,THA,1975,0,239,93,254783
Mauritius,MUS,1975,0,9,59,1132369
Brazil,BRA,1975,0,70,600,3397107
Japan,JPN,1975,0,68,52,2859232
Türkiye,TUR,1975,0,2385,3372,96251
Philippines,PHL,1975,0,39,8,12235
Philippines,PHL,1975,0,1,2,4529
Madagascar,MDG,1976,0,16,26,91022
Guatemala,GTM,1976,0,23000,77000,5354255
Italy,ITA,1976,0,922,1750,19275319
Indonesia,IDN,1976,0,573,4755,1044080
China,CHN,1976,0,242000,164000,29983829
Philippines,PHL,1976,0,6000,6348,717470
Japan,JPN,1976,0,169,107,4283404
Mexico,MEX,1976,0,600,1400,535426
Türkiye,TUR,1976,0,3840,15000,133856
Philippines,PHL,1976,0,110,17,49934
Philippines,PHL,1976,0,2,3,14419
Romania,ROU,1977,0,1641,11300,10054780
Philippines,PHL,1977,0,1,30,503
Bangladesh,BGD,1977,0,600,10000,251370
Tonga,TON,1977,0,1,5,6033
Republic of Korea,KOR,1977,0,297,1000,100548
Taiwan (Province of China),TWN,1977,0,61,528,1256848
Indonesia,IDN,1977,0,185,75,6033
Philippines,PHL,1977,0,40,115,18099
Argentina,ARG,1977,0,70,100,402191
Sweden,SWE,1977,0,13,50,55301
Republic of Korea,KOR,1977,0,56,1343,62842
Zambia,ZMB,1978,0,11,900,934
Japan,JPN,1978,0,28,500,4040373
Greece,GRC,1978,0,50,100,1167738
Italy,ITA,1978,0,1,19,4671
Afghanistan,AFG,1978,0,120,140,242889
Nepal,NPL,1978,0,130,48,2396
Thailand,THA,1978,0,96,400,1868380
Philippines,PHL,1978,0,340,749,537159
Sri Lanka,LKA,1978,0,740,5000,467095
Philippines,PHL,1978,0,66,47,155328
Philippines,PHL,1978,0,49,12,16418
Philippines,PHL,1978,0,47,4,55159
Philippines,PHL,1978,0,32,20,65342
Philippines,PHL,1978,0,24,2,55552
Portugal,PRT,1979,0,19,220,125953
Indonesia,IDN,1979,0,128,350,13435
Mexico,MEX,1979,0,5,35,125953
United States of America,USA,1979,0,48,110,2309141
Yugoslavia,YUG,1979,0,121,100,1889297
Philippines,PHL,1979,0,18,49,41984
Indonesia,IDN,1979,0,34,48,17424
Dominica,DMA,1979,0,40,2100,187460
Dominican Republic,DOM,1979,0,1400,4000,629766
"China, Hong Kong Special Administrative Region",HKG,1979,0,12,260,41984
Indonesia,IDN,1979,0,26,200,67175
Colombia,COL,1979,0,60,600,83969
Colombia,COL,1979,0,579,1042,33588
Mauritius,MUS,1979,0,5,257,734727
Philippines,PHL,1979,0,24,5,25610
Philippines,PHL,1979,0,6,1,2590
Philippines,PHL,1979,0,15,8,2830
United States of America,USA,1979,0,7,50,54580
Azores Islands,AZO,1980,0,69,600,18487
Fiji,FJI,1980,0,18,250,8341
Nepal,NPL,1980,0,100,5600,905878
India,IND,1980,0,1600,23,1183188
Jamaica,JAM,1980,0,6,9,236638
Republic of Korea,KOR,1980,0,15,17,26696
Japan,JPN,1980,0,2,73,3697
Algeria,DZA,1980,0,2633,8369,19226801
Mexico,MEX,1980,0,65,300,18487
Italy,ITA,1980,0,4689,7700,73949235
Iran (Islamic Republic of),IRN,1980,0,4,100,3697
Greece,GRC,1980,0,1,17,18487
United States of America,USA,1980,0,7,70,110924
United States of America,USA,1980,0,5,100,73949
China,CHN,1980,0,6200,27000,591594
Greece,GRC,1981,0,22,400,3016019
Iran (Islamic Republic of),IRN,1981,0,2000,3000,16756
Philippines,PHL,1981,0,214,32,6702
China,CHN,1981,0,1311,28140,3686245
Iran (Islamic Republic of),IRN,1981,0,1200,1000,3351132
China,CHN,1981,0,764,5000,4021359
Pakistan,PAK,1981,0,250,2000,16756
Philippines,PHL,1981,0,261,95,117290
Philippines,PHL,1981,0,210,36,25499
Philippines,PHL,1981,0,4,6,560
Tonga,TON,1982,0,6,12,66940
Japan,JPN,1982,0,110,100,3158
Philippines,PHL,1982,0,151,31,217870
Mexico,MEX,1982,0,100,500,369431
Tonga,TON,1982,0,1,2,3473
Japan,JPN,1982,0,345,347,101041
Japan,JPN,1982,0,80,150,432582
Republic of Korea,KOR,1982,0,63,42,94726
Philippines,PHL,1982,0,70,67,20524
Japan,JPN,1982,0,26,102,179979
El Salvador,SLV,1982,0,500,18000,884109
Guatemala,GTM,1982,0,620,256,315753
Cabo Verde,CPV,1982,0,3,122,9473
Philippines,PHL,1982,0,96,183,101041
Spain,ESP,1982,0,43,1600,1989244
Afghanistan,AFG,1982,0,500,3000,3158
Indonesia,IDN,1982,0,13,417,4578
Yemen Arab Republic,YMN,1982,0,1507,1500,6315061
Albania,ALB,1982,0,1,5,15788
Philippines,PHL,1982,0,25,8,7578
Philippines,PHL,1982,0,10,5,14209
Philippines,PHL,1982,0,29,40,13262
Philippines,PHL,1982,0,3,7,5526
India,IND,1982,0,244,493,378904
Brazil,BRA,1983,0,68,300,36711
Comoros,COM,1983,0,33,52,70363
Cuba,CUB,1983,0,15,39,183555
Fiji,FJI,1983,0,9,14,152963
Iran (Islamic Republic of),IRN,1983,0,30,61,15296
Colombia,COL,1983,0,250,1200,1257048
French Polynesia,PYF,1983,0,1,50,64244
Japan,JPN,1983,0,102,77,1272650
Costa Rica,CRI,1983,0,2,60,15296
Philippines,PHL,1983,0,115,27,5017
Philippines,PHL,1983,0,19,176,6813
Nepal,NPL,1983,0,186,50,30593
"China, Hong Kong Special Administrative Region",HKG,1983,0,22,338,38375
Chile,CHL,1983,0,4,24,3059
Türkiye,TUR,1983,0,1346,1137,76481
China,CHN,1983,0,34,2200,15296
Belgium,BEL,1983,0,2,30,152963
Indonesia,IDN,1983,0,7,17,21436
Guinea,GIN,1983,0,443,1436,24474
Afghanistan,AFG,1983,0,12,483,9178
Philippines,PHL,1983,0,8,1,6883
France,FRA,1983,0,18,12,1847790
Iran (Islamic Republic of),IRN,1983,0,3,41,15296
United States of America,USA,1983,0,2,2,45889
Indonesia,IDN,1984,0,2,89,1467
United States of America,USA,1984,0,80,600,2137067
Madagascar,MDG,1984,0,68,215,733279
Italy,ITA,1984,0,3,200,73328
Germany Federal Republic,DFR,1984,0,3,250,2786459
Philippines,PHL,1984,0,138,103,67462
Republic of Korea,KOR,1984,0,166,187,483964
Spain,ESP,1984,0,3,30,2933
Philippines,PHL,1984,0,1079,197,283339
Mexico,MEX,1984,0,452,4248,1587695
Thailand,THA,1984,0,17,31,8799
Philippines,PHL,1984,0,1399,2565,635606
Spain,ESP,1984,0,6,30,2933114
Afghanistan,AFG,1984,0,1,35,14666
United States of America,USA,1984,0,9,57,49863
Australia,AUS,1985,0,5,100,42490
Chile,CHL,1985,0,180,2483,4249017
United States of America,USA,1985,0,104,500,656048
Pakistan,PAK,1985,0,5,38,5665
Italy,ITA,1985,0,329,30,42490
Mexico,MEX,1985,0,9500,30204,11625311
Republic of Korea,KOR,1985,0,57,20,39657
Philippines,PHL,1985,0,81,24,176683
Colombia,COL,1985,0,21800,5000,2832678
Philippines,PHL,1985,0,5,7,1870
Canada,CAN,1985,0,12,200,331423
"China, Hong Kong Special Administrative Region",HKG,1985,0,2,12,119
Japan,JPN,1985,0,30,200,281851
Australia,AUS,1986,0,3,12,194594
Myanmar,MMR,1986,0,1,40,22239
Madagascar,MDG,1986,0,99,424,416987
China,CHN,1986,0,9,900,138996
Peru,PER,1986,0,15,80,61158
Thailand,THA,1986,0,42,21,5560
Venezuela (Bolivarian Republic of),VEN,1986,0,2,50,2780
Philippines,PHL,1986,0,109,16,85371
China,CHN,1986,0,172,1250,1056367
China,CHN,1986,0,43,381,150115
Japan,JPN,1986,0,17,64,6115809
Philippines,PHL,1986,0,23,4,36556
Republic of Korea,KOR,1986,0,33,73,30301
Soviet Union,SUN,1986,0,1,558,2029337
Greece,GRC,1986,0,20,300,2071035
Philippines,PHL,1986,0,22,26,3336
El Salvador,SLV,1986,0,1100,20000,4169870
Philippines,PHL,1986,0,16,108,11120
Philippines,PHL,1986,0,3,3,156
China,CHN,1986,0,8,25,2613119
United States of America,USA,1986,0,1,80,83397
India,IND,1986,0,6,30,13900
New Zealand,NZL,1987,0,1,25,563145
Indonesia,IDN,1987,0,131,50,2682
China,CHN,1987,0,191,221,294981
Italy,ITA,1987,0,44,189,1676027
Canada,CAN,1987,0,26,250,710635
Chile,CHL,1987,0,5,112,2682
Philippines,PHL,1987,0,85,425,264410
Venezuela (Bolivarian Republic of),VEN,1987,0,96,300,2145
Philippines,PHL,1987,0,100,79,67041
Philippines,PHL,1987,0,882,927,150172
Indonesia,IDN,1987,0,125,100,13408
Philippines,PHL,1987,0,22,35,22794
Algeria,DZA,1987,0,1,7,2682
Micronesia (Federated States of),FSM,1987,0,5,3,16090
Brazil,BRA,1988,0,289,734,2576577
China,CHN,1988,0,577,200,2740355
Pakistan,PAK,1988,0,78,1000,10770
Trinidad and Tobago,TTO,1988,0,6,20,5153
Germany Federal Republic,DFR,1988,0,51,8,36072
India,IND,1988,0,382,3766,184225
Nepal,NPL,1988,0,709,1016,154595
Portugal,PRT,1988,0,2,45,644144
China,CHN,1988,0,58,505,659604
Costa Rica,CRI,1988,0,28,7500,154595
Philippines,PHL,1988,0,416,208,619667
Nicaragua,NIC,1988,0,130,278,1030631
China,CHN,1988,0,939,3364,693099
Philippines,PHL,1988,0,289,29,384065
Thailand,THA,1988,0,664,1878,435818
Soviet Union,SUN,1988,0,25000,12000,36072080
Philippines,PHL,1988,0,41,1,2422
Djibouti,DJI,1989,0,10,300,2704
Bangladesh,BGD,1989,0,800,2000,39819
Sri Lanka,LKA,1989,0,325,1000,86028
Indonesia,IDN,1989,0,6,6,838
Soviet Union,SUN,1989,0,274,51,60957
Réunion,REU,1989,0,10,61,122897
Mauritius,MUS,1989,0,1,507,147476
China,CHN,1989,0,8,107,403101
China,CHN,1989,0,157,7500,983173
China,CHN,1989,0,2000,10000,6855174
Philippines,PHL,1989,0,44,11,14748
Guadeloupe,GLP,1989,0,5,84,122897
Montserrat,MSR,1989,0,11,40,589904
China,CHN,1989,0,550,2696,1192097
Philippines,PHL,1989,0,97,382,149934
Philippines,PHL,1989,0,58,105,145510
Philippines,PHL,1989,0,30,279,87011
Philippines,PHL,1989,0,147,191,19663
Philippines,PHL,1989,0,22,21,10569
Philippines,PHL,1989,0,11,1,799
United States of America,USA,1989,0,62,3757,13764422
Australia,AUS,1989,0,12,115,2457933
China,CHN,1989,0,1,91,132728
Malawi,MWI,1989,0,9,100,68822
Viet Nam,VNM,1989,0,751,106,51617
Philippines,PHL,1989,0,13,3,7030
Philippines,PHL,1989,0,1,1,467
Colombia,COL,1989,0,67,1000,56532
Republic of Korea,KOR,1989,0,109,49,433825
"China, Hong Kong Special Administrative Region",HKG,1989,0,2,31,165
United States of America,USA,1989,0,23,100,934014
Republic of Korea,KOR,1989,0,16,17,58007
Tonga,TON,1990,0,1,3,5830
Philippines,PHL,1990,0,1,4,2099
China,CHN,1990,0,363,5805,1380573
Peru,PER,1990,0,200,800,2332
Iran (Islamic Republic of),IRN,1990,0,40000,105000,18656398
China,CHN,1990,0,56,148,37313
China,CHN,1990,0,16,288,65297
Philippines,PHL,1990,0,2412,3513,861926
Viet Nam,VNM,1990,0,82,200,1691
Republic of Korea,KOR,1990,0,127,27,88618
China,CHN,1990,0,126,2049,136075
Iran (Islamic Republic of),IRN,1990,0,21,90,541735
Philippines,PHL,1990,0,503,1274,906001
Costa Rica,CRI,1990,0,1,299,45475
Pakistan,PAK,1990,0,11,40,2332
Italy,ITA,1990,0,19,200,1166025
Japan,JPN,1990,0,27,81,3964485
Indonesia,IDN,1990,0,1,32,4897
Mexico,MEX,1990,0,45,100,102610
Pakistan,PAK,1991,0,300,574,22373
China,CHN,1991,0,69,1902,62644
Mexico,MEX,1991,0,2,122,335595
Costa Rica,CRI,1991,0,47,199,223730
Soviet Union,SUN,1991,0,270,1500,3803411
Bangladesh,BGD,1991,0,138866,138849,3982395
China,CHN,1991,0,1729,32227,16779754
Philippines,PHL,1991,0,640,195,472070
Indonesia,IDN,1991,0,28,191,40271
China,CHN,1991,0,100,5239,1041083
Republic of Korea,KOR,1991,0,54,36,234917
United States of America,USA,1991,0,2,100,74950
Viet Nam,VNM,1991,0,17,16,21254
"China, Hong Kong Special Administrative Region",HKG,1991,0,22,182,22373
China,CHN,1991,0,14,24,246103
Japan,JPN,1991,0,43,20,22373
Chile,CHL,1991,0,141,140,13424
Viet Nam,VNM,1991,0,38,14,7159
India,IND,1991,0,1500,1383,134238
Philippines,PHL,1991,0,65,38,201357
Philippines,PHL,1991,0,5956,3050,223730
Peru,PER,1991,0,12,30,4475
Indonesia,IDN,1991,0,57,8,29532
Viet Nam,VNM,1991,0,251,200,2237
Philippines,PHL,1991,0,47,21,190171
China,CHN,1991,0,33,111,263017
Japan,JPN,1991,0,66,777,22373005
Iran (Islamic Republic of),IRN,1991,0,28,14,903869
United States of America,USA,1991,0,25,41,32441
Nepal,NPL,1991,0,41,44,582
Thailand,THA,1991,0,38,20,18621
Lebanon,LBN,1992,1160,25,75,336587
Algeria,DZA,1992,0,21,8,1954
Türkiye,TUR,1992,11213,653,3850,1628647
Bolivia (Plurinational State of),BOL,1992,610,4,50,217153
China,CHN,1992,0,248,70,369160
Senegal,SEN,1992,0,100,400,40608
Philippines,PHL,1992,7520,60,13,161127
Viet Nam,VNM,1992,11162,14,11,869
United States of America,USA,1992,0,44,55,57545516
Panama,PAN,1992,0,12,50,21715
Nicaragua,NIC,1992,10056,179,489,54288
Kyrgyzstan,KGZ,1992,721,54,100,282299
Germany,DEU,1992,0,1,25,108576
Mexico,MEX,1992,0,200,1600,141149
China,CHN,1992,0,35,362,149184
Viet Nam,VNM,1992,0,17,12,39088
Viet Nam,VNM,1992,0,55,10,103582
Egypt,EGY,1992,193704,552,9929,2605835
Bolivia (Plurinational State of),BOL,1992,158,49,100,868612
Indonesia,IDN,1992,5209,2500,2103,217153
"China, Hong Kong Special Administrative Region",HKG,1992,0,5,6,108576
China,CHN,1992,0,88,300,8035
United States of America,USA,1992,0,1,300,217153
China,CHN,1992,0,96,1632,317043
China,CHN,1992,0,448,88,149184
Haiti,HTI,1992,0,13,154,4343
China,CHN,1992,0,25,33,238868
Guam,GUM,1992,0,1,542,651459
Japan,JPN,1992,0,9,8,348530
Lao People's Democratic Republic,LAO,1992,0,22,102,7926
Lao People's Democratic Republic,LAO,1992,0,10,150,47400
Singapore,SGP,1992,0,3,120,13327
Fiji,FJI,1993,4350,21,3,210927
Iran (Islamic Republic of),IRN,1993,3167,407,3,2109271
United Republic of Tanzania,TZA,1993,219,54,30,7404
Philippines,PHL,1993,587,79,9,1029
Chile,CHL,1993,232,109,58,71715
Cuba,CUB,1993,4918,5,95,2109271
Ecuador,ECU,1993,1460,200,20,1054635
Eritrea,ERI,1993,2533,3,16,10894
Papua New Guinea,PNG,1993,1,15,40,3164
Vanuatu,VUT,1993,2949,4,5,12656
Russian Federation,RUS,1993,0,125,453,71715
Japan,JPN,1993,0,239,233,2109271
Nepal,NPL,1993,0,1048,268,421854
Venezuela (Bolivarian Republic of),VEN,1993,384,100,400,9492
France,FRA,1993,0,2,18,105464
China,CHN,1993,1283,370,336,54841
India,IND,1993,16452,9748,30000,590596
Papua New Guinea,PNG,1993,335,53,200,10546
Philippines,PHL,1993,1744,124,35,396543
Japan,JPN,1993,0,48,208,2742052
Philippines,PHL,1993,615,311,524,105464
Viet Nam,VNM,1993,0,130,16,31639
Japan,JPN,1993,0,2,722,755119
United States of America,USA,1993,0,7,90,263659
China,CHN,1993,0,31,379,185616
Republic of Korea,KOR,1993,0,32,19,61998
"China, Hong Kong Special Administrative Region",HKG,1993,0,1,5,1666
China,CHN,1993,0,41,400,56950
"China, Hong Kong Special Administrative Region",HKG,1993,0,4,183,253
Japan,JPN,1993,0,56,35,442947
Republic of Korea,KOR,1993,0,11,13,229278
China,CHN,1993,0,28,213,915255
France,FRA,1993,0,10,2,1054635
Australia,AUS,1993,0,1,30,9703
Thailand,THA,1993,0,23,252,2659790
Philippines,PHL,1993,142,52,7,35858
Viet Nam,VNM,1993,0,73,20,105464
China,CHN,1993,0,93,153,86480
China,CHN,1993,0,6,585,29530
United States of America,USA,1993,0,3,130,2109271
China,CHN,1993,0,10,428,26598
"China, Hong Kong Special Administrative Region",HKG,1993,0,1,48,12656
"China, Hong Kong Special Administrative Region",HKG,1993,0,2,30,1687
Lao People's Democratic Republic,LAO,1993,0,8,120,637318
Thailand,THA,1993,0,4,2,674650
Australia,AUS,1994,0,4,120,308351
United States of America,USA,1994,0,60,7000,61670103
Indonesia,IDN,1994,1458,207,1449,350442
Madagascar,MDG,1994,10586,200,43,20557
Philippines,PHL,1994,819,62,26,4934
Peru,PER,1994,479,52,100,102784
Madagascar,MDG,1994,0,12,8,411
Bangladesh,BGD,1994,425,130,3559,256959
Colombia,COL,1994,4856,271,158,4934
China,CHN,1994,0,101,579,411134
Indonesia,IDN,1994,266,239,440,4522
China,CHN,1994,58404,1001,14400,11223959
China,CHN,1994,0,258,7665,3720763
China,CHN,1994,0,90,684,1438969
India,IND,1994,211,2001,50,359742
Philippines,PHL,1994,0,11,7,77293
Philippines,PHL,1994,0,17,21,2056
Pakistan,PAK,1994,964,316,16,189122
Bangladesh,BGD,1994,0,40,150,5139
United States of America,USA,1994,0,3,60,205567
Australia,AUS,1994,0,2,20,159520
China,CHN,1994,0,74,684,1439
United States of America,USA,1994,0,32,22,513918
"China, Hong Kong Special Administrative Region",HKG,1994,0,1,17,76060
Republic of Korea,KOR,1994,0,28,2,23
Papua New Guinea,PNG,1994,0,11,60,24668
Taiwan (Province of China),TWN,1994,0,16,41,476915
Viet Nam,VNM,1994,0,21,34,4728
Ethiopia,ETH,1994,0,4,14,7195
China,CHN,1994,0,1174,1800,2364021
Philippines,PHL,1994,498,23,1,49336
Papua New Guinea,PNG,1994,1732,5,2,226124
Taiwan (Province of China),TWN,1994,0,6,50,49336
Japan,JPN,1994,0,2,285,350286
United States of America,USA,1994,0,37,70,1438969
Philippines,PHL,1994,0,81,171,7606
Philippines,PHL,1994,0,32,15,138552
Republic of Korea,KOR,1994,0,12,50,53447
Philippines,PHL,1994,0,49,86,55119
Taiwan (Province of China),TWN,1994,0,10,40,205567
Thailand,THA,1994,0,11,3,61670
China,CHN,1994,0,41,320,24874
Japan,JPN,1995,13557,5297,34492,199957382
Iceland,ISL,1995,0,14,12,4857
Cyprus,CYP,1995,0,2,5,8678
China,CHN,1995,0,54,453,72185
United States of America,USA,1995,0,18,100,3999148
United States of America,USA,1995,0,5,60,5998721
Greece,GRC,1995,122,26,60,899808
Russian Federation,RUS,1995,4994,1989,750,128173
China,CHN,1995,879,1437,70249,13437136
Türkiye,TUR,1995,0,74,46,51989
China,CHN,1995,0,11,136,72185
Chile,CHL,1995,0,3,58,3319
Republic of Korea,KOR,1995,0,45,160,849819
Antigua and Barbuda,ATG,1995,0,2,165,699851
Mexico,MEX,1995,0,6,25,42191
Philippines,PHL,1995,289,416,7,1400302
Dominica,DMA,1995,0,2,1,39991
Türkiye,TUR,1995,1981,94,240,411512
Philippines,PHL,1995,51,184,14,76184
Iceland,ISL,1995,0,20,8,6719
China,CHN,1995,0,46,297,159966
Philippines,PHL,1995,3720,882,2369,487896
Philippines,PHL,1995,0,146,55,59987
Türkiye,TUR,1995,0,63,117,99979
Viet Nam,VNM,1995,838,16,51,42391
China,CHN,1995,0,152,320,240349
Austria,AUT,1995,0,4,100,239949
Russian Federation,RUS,1995,0,83,10,87981
Greece,GRC,1995,0,26,100,845220
Australia,AUS,1995,0,7,15,195958
Australia,AUS,1995,0,1,15,167964
China,CHN,1995,0,32,12,200
Iran (Islamic Republic of),IRN,1995,0,10,11,179962
Indonesia,IDN,1995,0,18,472,99979
Iran (Islamic Republic of),IRN,1996,0,9,85,25837
China,CHN,1996,10381,309,16925,982971
South Africa,ZAF,1996,0,27,30,13326
Indonesia,IDN,1996,933,166,423,8159
Ecuador,ECU,1996,1376,27,180,13598
Germany,DEU,1996,0,16,62,611346
Mongolia,MNG,1996,2651,25,61,3327339
China,CHN,1996,21793,2775,234000,24477153
Philippines,PHL,1996,0,26,13,73820
Viet Nam,VNM,1996,2614,585,591,703232
Indonesia,IDN,1996,0,34,21,835
China,CHN,1996,0,26,128,46623
China,CHN,1996,0,44,300,139869
Mexico,MEX,1996,0,6,47,1942631
Spain,ESP,1996,0,84,129,38853
Australia,AUS,1996,0,6,20,91304
China,CHN,1996,0,197,5000,2913947
Indonesia,IDN,1996,0,13,7,583
Puerto Rico,PRI,1996,0,29,90,23506
Australia,AUS,1996,0,1,6,254485
Malaysia,MYS,1996,310,270,26,101017
Australia,AUS,1996,0,4,20,398822
Australia,AUS,1996,0,1,11,271968
United States of America,USA,1996,0,29,90,23506
Spain,ESP,1996,0,30,18,14958
Iran (Islamic Republic of),IRN,1997,452,100,2000,56948
Senegal,SEN,1997,0,20,29,1519
United States of America,USA,1997,0,70,150,949128
Iran (Islamic Republic of),IRN,1997,4211,1100,2600,144267
Iran (Islamic Republic of),IRN,1997,34407,1568,2600,189826
India,IND,1997,0,43,1500,70235
Czechia,CZE,1997,5046,29,2409,3511774
China,CHN,1997,0,103,8229,303721
Venezuela (Bolivarian Republic of),VEN,1997,251,80,683,153759
Thailand,THA,1997,0,90,64,19932
Bangladesh,BGD,1997,0,79,30,434701
China,CHN,1997,0,65,350,1100419
India,IND,1997,0,135,20,134776
Egypt,EGY,1997,0,3,283,28474
Taiwan (Province of China),TWN,1997,0,44,78,94913
China,CHN,1997,253,140,3000,5125291
Philippines,PHL,1997,0,18,5,9491
Thailand,THA,1997,0,46,394,74981
China,CHN,1997,0,7,349,626424
Belarus,BLR,1997,0,5,45,62642
Seychelles,SYC,1997,1038,5,2,3227
Indonesia,IDN,1997,12542,240,70,15186048
India,IND,1997,0,56,31,36447
Italy,ITA,1997,0,14,100,8589419
Indonesia,IDN,1997,0,20,300,2088
Mexico,MEX,1997,900,230,200,850039
Chile,CHL,1997,0,8,98,91116
Viet Nam,VNM,1997,10473,3682,857,892180
Azores Islands,AZO,1997,0,29,5,30942
Egypt,EGY,1997,0,18,60,1898
China,CHN,1997,0,300,18000,1950268
United States of America,USA,1997,0,5,24,189826
Viet Nam,VNM,1997,0,10,50,9491
Ecuador,ECU,1997,5679,218,91,514427
Peru,PER,1997,17184,518,730,22779
United States of America,USA,1997,0,9,24,949128
United States of America,USA,1998,0,42,100,280386
Afghanistan,AFG,1998,7454,2323,818,18692
United States of America,USA,1998,0,14,11,116827
China,CHN,1998,3668,49,12000,533668
Iran (Islamic Republic of),IRN,1998,0,84,2,183186
United States of America,USA,1998,0,43,135,374783
India,IND,1998,0,250,2500,18692
Tajikistan,TJK,1998,413,51,39,123370
Peru,PER,1998,0,75,12,13085
Afghanistan,AFG,1998,5042,4700,1935,18692
China,CHN,1998,131738,3656,123000,56077197
Türkiye,TUR,1998,0,10,47,1869240
United States of America,USA,1998,0,1,23,3739414
China,CHN,1998,0,100,15,1663624
Philippines,PHL,1998,0,25,100,6168
United States of America,USA,1998,0,18,150,1869240
India,IND,1998,98,2871,893,876674
United States of America,USA,1998,0,1,124,515910
Indonesia,IDN,1998,0,22,14,748
Russian Federation,RUS,1998,0,8,160,299078
Türkiye,TUR,1998,1740,145,1600,1028082
Bangladesh,BGD,1998,234100,1050,50,8037732
Azores Islands,AZO,1998,0,10,100,134585
Slovakia,SVK,1998,0,54,61,84116
Dominican Republic,DOM,1998,0,347,595,3703899
Philippines,PHL,1998,0,118,22,162695
Japan,JPN,1998,0,12,258,5607720
Republic of Korea,KOR,1998,0,55,3,48413
United States of America,USA,1998,0,9,13,93462
Philippines,PHL,1998,0,75,63,93462
Japan,JPN,1998,0,12,43,627130
Philippines,PHL,1998,0,332,751,132716
Viet Nam,VNM,1998,0,45,5,25609
Iran (Islamic Republic of),IRN,1998,0,46,22,94397
Nicaragua,NIC,1998,0,3332,228,1846248
Honduras,HND,1998,0,14600,12000,7091149
Ukraine,UKR,1998,2920,18,230,2353
Viet Nam,VNM,1998,0,283,92,174213
Haiti,HTI,1998,0,190,29,336463
Antigua and Barbuda,ATG,1998,0,2,25,186924
China,CHN,1998,1448,3,1543,130847
Indonesia,IDN,1998,0,33,88,373848
Philippines,PHL,1998,270,69,30,51215
South Africa,ZAF,1998,0,18,160,308425
China,CHN,1998,0,17,38,69536
Kyrgyzstan,KGZ,1998,0,4,600,15702
United States of America,USA,1998,0,4,19,842093
Germany,DEU,1998,0,3,15,280386
United States of America,USA,1998,0,1,6,934620
Colombia,COL,1999,32129,1186,8563,3397524
United States of America,USA,1999,0,18,112,366758
Philippines,PHL,1999,185,34,79,10975
United States of America,USA,1999,0,10,100,548765
India,IND,1999,25,100,394,3658
Australia,AUS,1999,0,1,24,2743824
United States of America,USA,1999,0,9,42,823147
United States of America,USA,1999,0,1,33,182922
China,CHN,1999,0,5,197,14634
United States of America,USA,1999,0,49,514,5048637
Pakistan,PAK,1999,897,231,155,20004
United States of America,USA,1999,0,2,14,366758
China,CHN,1999,0,725,24000,14816652
Azerbaijan,AZE,1999,0,1,18,9146
Mexico,MEX,1999,0,15,200,414866
Nepal,NPL,1999,0,170,68,3658
Tajikistan,TJK,1999,114,27,23,11257
Romania,ROU,1999,0,19,3,18292
Romania,ROU,1999,454,15,22,91461
Iran (Islamic Republic of),IRN,1999,571,51,100,78656
Japan,JPN,1999,0,45,28,195726
Democratic People's Republic of Korea,PRK,1999,0,42,94,3658
Philippines,PHL,1999,0,130,32,32926
United States of America,USA,1999,0,1,79,274382
Türkiye,TUR,1999,116413,17127,43953,36584326
South Africa,ZAF,1999,0,5,177,45730
China,CHN,1999,0,192,2600,508339
Greece,GRC,1999,1143,143,2000,7682708
Ghana,GHA,1999,1318,52,29,38414
Taiwan (Province of China),TWN,1999,39469,2264,8664,25791950
Honduras,HND,1999,25,34,1,2744
Japan,JPN,1999,0,26,438,9146081
United States of America,USA,1999,0,70,10,12804514
Mexico,MEX,1999,0,31,215,301455
Colombia,COL,1999,0,29,40,5
China,CHN,1999,0,18,500,117619
Philippines,PHL,1999,0,7,22,3293
Mexico,MEX,1999,1583,636,60,825525
China,CHN,1999,0,30,500,441939
India,IND,1999,0,84,1000,859732
Taiwan (Province of China),TWN,1999,0,1,254,1463
India,IND,1999,0,9843,3312,4573041
Viet Nam,VNM,1999,5748,622,412,433524
Türkiye,TUR,1999,14636,845,4948,1829216
France,FRA,1999,0,36,5,914608
China,CHN,1999,0,12,10,22
Venezuela (Bolivarian Republic of),VEN,1999,33610,30000,2700,5780323
Algeria,DZA,1999,15,22,175,111452
Indonesia,IDN,1999,0,5,220,7134
France,FRA,1999,0,88,11,14633730
Viet Nam,VNM,1999,1864,127,164,96948
China,CHN,1999,0,5,12,32926
Philippines,PHL,1999,0,6,40,3282
Philippines,PHL,1999,0,47,2,61818
Philippines,PHL,1999,0,11,23,7330
Philippines,PHL,1999,0,33,7,26844
United States of America,USA,2000,0,1,12,371587
China,CHN,2000,765,7,2528,130056
China,CHN,2000,0,1,2,855
China,CHN,2000,0,9,4,5485
Indonesia,IDN,2000,215,45,270,53084
Netherlands (Kingdom of the),NLD,2000,0,25,1000,452983
Philippines,PHL,2000,0,12,4,2125
Indonesia,IDN,2000,5031,103,2714,72548
China,CHN,2000,0,34,183,38928
Croatia,HRV,2000,0,40,200,424671
China,CHN,2000,0,43,10,33620
Greece,GRC,2000,0,27,176,5308
Türkiye,TUR,2000,0,11,300,1769
Philippines,PHL,2000,29,75,11,45587
Bulgaria,BGR,2000,0,7,17,31143
Viet Nam,VNM,2000,9402,460,4,442366
Canada,CAN,2000,0,11,140,23003
China,CHN,2000,0,11,500,849
Cambodia,KHM,2000,18970,347,53,283114
Republic of Korea,KOR,2000,0,13,3,40698
United States of America,USA,2000,0,1,15,14333
China,CHN,2000,0,203,214,304348
Nepal,NPL,2000,481,144,70,11148
Taiwan (Province of China),TWN,2000,0,14,100,238878
Viet Nam,VNM,2000,0,15,4,8847
China,CHN,2000,0,1,211,76087
China,CHN,2000,0,10,30,23513
China,CHN,2000,0,11,47,122877
India,IND,2000,0,179,16,306117
China,CHN,2000,0,4,80,18
China,CHN,2000,0,14,27,4247
Democratic People's Republic of Korea,PRK,2000,466,46,180,10616784
Japan,JPN,2000,0,9,41,2477250
Viet Nam,VNM,2000,0,5,29,37159
Japan,JPN,2000,0,18,110,13164812
United States of America,USA,2000,0,1,115,159252
Belize,BLZ,2000,2628,14,570,490955
Philippines,PHL,2000,0,154,314,30081
Taiwan (Province of China),TWN,2000,0,89,2,265420
United Kingdom of Great Britain and Northern Ireland,GBR,2000,0,12,4,2654196
Viet Nam,VNM,2000,0,36,3,26542
Thailand,THA,2000,0,51,570,101744
Azerbaijan,AZE,2000,341,31,600,17695
Indonesia,IDN,2000,1106,100,21,60162
Ukraine,UKR,2000,436,4,700,212336
Philippines,PHL,2000,0,48,26,1769
United States of America,USA,2000,0,12,75,884732
China,CHN,2001,0,49,78098,20650
Republic of Korea,KOR,2001,0,11,300,499041
El Salvador,SLV,2001,0,844,4723,2581246
Russian Federation,RUS,2001,0,145,120,172
Guatemala,GTM,2001,0,6,2,86
Australia,AUS,2001,0,1,30,20650
India,IND,2001,118929,20005,166812,4513739
Pakistan,PAK,2001,215,12,100,860
El Salvador,SLV,2001,0,315,3399,599709
Philippines,PHL,2001,0,55,84,10325
China,CHN,2001,0,3,109,41300
United States of America,USA,2001,0,1,400,3441661
United States of America,USA,2001,0,7,30,430208
Japan,JPN,2001,0,2,161,860415
Australia,AUS,2001,0,3,1,344166
United States of America,USA,2001,0,4,18,39579
China,CHN,2001,0,2,190,53346
Thailand,THA,2001,0,83,30,6883
China,CHN,2001,0,2,605,61950
Romania,ROU,2001,0,7,3,206500
Taiwan (Province of China),TWN,2001,0,9,116,8604
Peru,PER,2001,20777,145,2713,516249
Egypt,EGY,2001,0,19,21,17208
China,CHN,2001,0,11,3,41300
Viet Nam,VNM,2001,0,30,3,43021
Philippines,PHL,2001,0,232,241,117989
China,CHN,2001,0,33,8298,4720238
Taiwan (Province of China),TWN,2001,0,1,6,3442
China,CHN,2001,0,35,72,29254
Iran (Islamic Republic of),IRN,2001,0,32,34,43021
Pakistan,PAK,2001,436,210,179,423324
China,CHN,2001,0,19,22,103250
China,CHN,2001,0,46,17,8604
Viet Nam,VNM,2001,0,3,3,5507
Thailand,THA,2001,25,104,109,42160
Iran (Islamic Republic of),IRN,2001,732,412,200,135601
Japan,JPN,2001,0,9,40,1376664
United States of America,USA,2001,0,3,8,17208
Japan,JPN,2001,0,7,15,860415
Taiwan (Province of China),TWN,2001,0,80,200,1376664
United States of America,USA,2001,0,2,50,51625
Guatemala,GTM,2001,0,8,11,172
Democratic People's Republic of Korea,PRK,2001,2350,114,84,16176
Viet Nam,VNM,2001,0,20,6,8088
Cuba,CUB,2001,0,5,12,172083
Philippines,PHL,2001,434,290,147,39063
Algeria,DZA,2001,5739,921,423,516249
Viet Nam,VNM,2001,0,20,83,94646
Brazil,BRA,2001,0,6,341,8604
Brazil,BRA,2001,230,50,196,77437
Tajikistan,TJK,2001,0,1,15,1032
China,CHN,2001,0,66,3110,287379
Philippines,PHL,2001,0,6,8,165
China,CHN,2001,0,6,245,41300
Philippines,PHL,2002,0,11,8,664
Democratic Republic of the Congo,COD,2002,43504,200,400,15246
Mauritius,MUS,2002,10,3,50,84698
Indonesia,IDN,2002,10284,150,750,592887
Germany,DEU,2002,0,4,6,254095
Türkiye,TUR,2002,1982,42,327,160927
Thailand,THA,2002,0,1,100,3388
Bolivia (Plurinational State of),BOL,2002,4171,76,146,169396
Ecuador,ECU,2002,921,31,6,22022
Philippines,PHL,2002,0,15,100,2903
United States of America,USA,2002,0,6,4,339640
Canary Islands,SPI,2002,0,16,30,135387
Taiwan (Province of China),TWN,2002,0,4,200,42349
India,IND,2002,0,9,50,705
Georgia,GEO,2002,3376,6,70,592887
Oman,OMN,2002,0,7,33,84698
United States of America,USA,2002,0,1,12,6776
United States of America,USA,2002,0,10,100,3726720
Haiti,HTI,2002,50,31,4,1694
Syrian Arab Republic,SYR,2002,1466,21,20,16940
China,CHN,2002,0,22,1,84698
China,CHN,2002,4852,793,35257,5251287
Russian Federation,RUS,2002,5018,117,1200,762284
Iran (Islamic Republic of),IRN,2002,4244,227,1300,508189
Micronesia (Federated States of),FSM,2002,138,47,148,847
China,CHN,2002,0,5,44,143987
Philippines,PHL,2002,0,33,41,1694
Germany,DEU,2002,0,7,13,169396
Japan,JPN,2002,0,5,18,8470
China,CHN,2002,0,11,12,65387
Germany,DEU,2002,0,27,108,19649978
Romania,ROU,2002,0,1,1,491
Republic of Korea,KOR,2002,0,21,7,584417
Tajikistan,TJK,2002,3698,24,13,4804
India,IND,2002,0,33,50,33879
China,CHN,2002,0,178,311,7115
Algeria,DZA,2002,279,29,16,2541
Pakistan,PAK,2002,0,22,10,51
China,CHN,2002,0,26,40,169396
Mexico,MEX,2002,0,13,30,1084137
Viet Nam,VNM,2002,0,55,116,98250
Thailand,THA,2002,174,154,62,60690
Mexico,MEX,2002,450,3,200,338793
France,FRA,2002,0,4,3,1694
Viet Nam,VNM,2002,0,60,100,3388
Italy,ITA,2002,0,30,33,1348395
United States of America,USA,2002,0,36,115,1185775
Ecuador,ECU,2002,0,8,300,84698
Morocco,MAR,2002,1241,80,17,338793
Australia,AUS,2002,0,2,4,84698
China,CHN,2002,0,27,110,55901
Philippines,PHL,2002,0,42,2,5577
Philippines,PHL,2002,0,14,2,403
Philippines,PHL,2002,0,57,21,5658
Spain,ESP,2002,0,6,50,147375
South Africa,ZAF,2002,0,1,66,15246
Australia,AUS,2003,0,4,150,496909
Mexico,MEX,2003,229,29,1073,192635
China,CHN,2003,978,268,4000,260049
India,IND,2003,0,30,500,26502
New Caledonia,NCL,2003,300,2,100,66255
United States of America,USA,2003,0,6,200,8281813
Indonesia,IDN,2003,50,76,248,6561
Türkiye,TUR,2003,424,177,520,223609
United States of America,USA,2003,0,45,145,6625451
China,CHN,2003,0,38,5260,265018
Algeria,DZA,2003,10700,2266,10261,8281813
Philippines,PHL,2003,0,51,16,6625
American Samoa,ASM,2003,0,6,3,82818
Philippines,PHL,2003,0,13,3,4066
China,CHN,2003,6482,430,146000,13068702
Japan,JPN,2003,0,23,14,11595
China,CHN,2003,0,20,20,165636
China,CHN,2003,0,16,584,124227
Sudan,SDN,2003,5307,20,56,304771
Japan,JPN,2003,0,20,80,91100
China,CHN,2003,0,4,1000,276613
Iran (Islamic Republic of),IRN,2003,0,1,25,35887
China,CHN,2003,0,38,1000,399183
Japan,JPN,2003,0,1,93,82818
Japan,JPN,2003,0,2,773,932532
Russian Federation,RUS,2003,0,3,5,17557
Viet Nam,VNM,2003,0,52,29,53004
China,CHN,2003,0,3,56,99382
China,CHN,2003,0,9,43,66255
Viet Nam,VNM,2003,370,61,34,57973
Dominican Republic,DOM,2003,1574,9,3,70594
China,CHN,2003,0,11,73,3202
Philippines,PHL,2003,423,255,54,11595
Bolivia (Plurinational State of),BOL,2003,109,69,4,1656
United States of America,USA,2003,0,2,40,331273
Iran (Islamic Republic of),IRN,2003,130852,26796,22628,828181
Brazil,BRA,2003,0,161,470,501878
United States of America,USA,2003,0,4,18,662545
United States of America,USA,2003,0,4,4,82818
United States of America,USA,2003,0,4,40,5797269
Philippines,PHL,2003,0,8,1,2483
Indonesia,IDN,2004,0,1,40,19358
Niue,NIU,2004,0,1,2,64527
Algeria,DZA,2004,0,27,74,1290539
Indonesia,IDN,2004,211,37,682,1613
Morocco,MAR,2004,13218,628,926,645270
Madagascar,MDG,2004,12266,363,879,403294
Brazil,BRA,2004,0,4,60,564611
Democratic People's Republic of Korea,PRK,2004,40003,161,1300,658175
China,CHN,2004,0,7,207,9679
Philippines,PHL,2004,0,31,14,1613
Iran (Islamic Republic of),IRN,2004,0,35,278,266174
Brazil,BRA,2004,0,28,54,597
United States of America,USA,2004,0,5,37,1774492
Viet Nam,VNM,2004,0,14,5,11292
China,CHN,2004,0,47,500,582356
Philippines,PHL,2004,0,28,12,31726
Taiwan (Province of China),TWN,2004,0,28,6,645270
United States of America,USA,2004,0,4,6,274
Japan,JPN,2004,0,21,7,3145690
Viet Nam,VNM,2004,0,53,18,12905
Belgium,BEL,2004,0,23,130,161317
China,CHN,2004,0,133,4026,1774492
Spain,ESP,2004,0,3,100,4840
Russian Federation,RUS,2004,0,6,62,9679
China,CHN,2004,0,4,600,80659
China,CHN,2004,0,188,4000,3532851
Cuba,CUB,2004,120,4,5,1613174
Jamaica,JAM,2004,0,1,6,483952
China,CHN,2004,0,2,7,8066
Japan,JPN,2004,0,2,2,807
Taiwan (Province of China),TWN,2004,0,32,2,8066
Japan,JPN,2004,0,14,50,3226348
China,CHN,2004,0,222,10000,759805
Japan,JPN,2004,0,41,900,14518568
Dominican Republic,DOM,2004,79,11,9,477500
Haiti,HTI,2004,40208,2754,2620,80659
Japan,JPN,2004,0,25,89,1193749
Japan,JPN,2004,0,11,44,972744
Japan,JPN,2004,0,89,342,3710301
Japan,JPN,2004,49,40,3183,45168877
Philippines,PHL,2004,0,104,240,9679
Slovakia,SVK,2004,50,2,24,618330
Indonesia,IDN,2004,670,32,213,88725
Philippines,PHL,2004,17278,1619,1023,126150
Philippines,PHL,2004,0,8,8,54848
India,IND,2004,0,16389,6913,1649955
Sri Lanka,LKA,2004,0,35399,23176,2123744
Maldives,MDV,2004,0,102,2214,758353
Malaysia,MYS,2004,0,80,767,806587
Somalia,SOM,2004,0,298,283,161317
Thailand,THA,2004,0,8345,8457,1613174
Slovenia,SVN,2004,0,1,5,16132
China,CHN,2004,0,6,100,6453
Germany,DEU,2005,0,2,2,421265
Australia,AUS,2005,0,12,20,62410
United States of America,USA,2005,0,28,8,312048
Venezuela (Bolivarian Republic of),VEN,2005,83,76,42,78012
Pakistan,PAK,2005,1300,520,450,46807
Colombia,COL,2005,154,56,117,15602
Iran (Islamic Republic of),IRN,2005,1785,612,1411,124819
Japan,JPN,2005,0,1,735,624096
South Africa,ZAF,2005,0,2,58,31205
China,CHN,2005,0,19,55,26391
Somalia,SOM,2005,0,5,20,31
China,CHN,2005,0,117,25,70211
Chile,CHL,2005,150,11,182,7801
China,CHN,2005,0,58,230,947065
Haiti,HTI,2005,0,40,36,78012
Portugal,PRT,2005,0,15,136,2574395
Spain,ESP,2005,0,11,1,3198490
Taiwan (Province of China),TWN,2005,0,12,34,156024
China,CHN,2005,0,8,223,232476
India,IND,2005,12,1200,55,5195596
Nigeria,NGA,2005,0,60,4,229
Thailand,THA,2005,0,21,40,188789
China,CHN,2005,0,52,46,1424498
Taiwan (Province of China),TWN,2005,0,3,59,59289
Japan,JPN,2005,0,32,140,1560239
China,CHN,2005,0,16,23,874
China,CHN,2005,0,25,8,2730418
Viet Nam,VNM,2005,717,75,28,342082
Taiwan (Province of China),TWN,2005,0,2,46,156024
Guatemala,GTM,2005,25257,1513,386,1541984
India,IND,2005,0,1309,6622,1560239
Pakistan,PAK,2005,0,73338,128309,8113243
Germany,DEU,2005,0,1,165,468072
Russian Federation,RUS,2006,0,116,14,1511480
Japan,JPN,2005,0,100,1010,51488
Indonesia,IDN,2006,0,156,13,40810
Bolivia (Plurinational State of),BOL,2006,2932,25,21,52902
Philippines,PHL,2006,5494,1126,19,3330
Indonesia,IDN,2006,0,39,39,37787
United States of America,USA,2006,0,10,42,1813776
Iran (Islamic Republic of),IRN,2006,5315,63,1418,63878
United States of America,USA,2006,0,28,36,906888
United States of America,USA,2006,0,12,160,2418368
China,CHN,2006,0,21,461,503323
Indonesia,IDN,2006,88051,5778,137883,4685587
Indonesia,IDN,2006,144,236,56,83434
China,CHN,2006,0,42,9,16626
Viet Nam,VNM,2006,0,4,100,1511
Indonesia,IDN,2006,3817,802,543,83131
Ecuador,ECU,2006,8040,5,13,226722
United States of America,USA,2006,0,1,17,24184
Tajikistan,TJK,2006,257,3,19,33253
India,IND,2006,4474,350,65,5123916
Ethiopia,ETH,2006,0,498,96,4837
China,CHN,2006,0,441,1350,3793814
Viet Nam,VNM,2006,0,42,20,12092
Hungary,HUN,2006,0,5,300,15115
Japan,JPN,2006,0,10,448,3778699
Philippines,PHL,2006,0,228,406,170797
Viet Nam,VNM,2006,0,71,525,943163
United States of America,USA,2006,0,4,1,37787
United States of America,USA,2006,0,12,20,143591
Philippines,PHL,2006,0,34,58,13720
Sri Lanka,LKA,2006,289,25,2,4534
Türkiye,TUR,2006,0,47,15,479139
Philippines,PHL,2006,14414,1399,2143,100362
Viet Nam,VNM,2006,467,95,1360,689235
China,CHN,2006,0,17,58,426237
Brazil,BRA,2007,0,59,80,183695
Belgium,BEL,2007,0,2,2,661301
Germany,DEU,2007,0,11,130,8082569
United States of America,USA,2007,0,65,220,734779
Indonesia,IDN,2007,6102,68,1,1426941
United States of America,USA,2007,0,20,20,881735
Indonesia,IDN,2007,1877,67,826,293912
Madagascar,MDG,2007,18703,80,16,352694
Japan,JPN,2007,0,1,359,367389
Bangladesh,BGD,2007,0,120,60,20574
China,CHN,2007,0,43,50,114626
China,CHN,2007,0,3,329,502589
Japan,JPN,2007,0,9,1000,18369474
Sudan,SDN,2007,46924,150,335,440867
Japan,JPN,2007,0,5,12,88173
China,CHN,2007,0,535,4000,6503756
China,CHN,2007,0,21,239,10581
Nepal,NPL,2007,0,214,48,3527
China,CHN,2007,0,83,142,483485
Viet Nam,VNM,2007,4439,74,130,191043
Russian Federation,RUS,2007,0,2,12,617214
Philippines,PHL,2007,0,7,7,723
Pakistan,PAK,2007,0,44,20,480719
Switzerland,CHE,2007,0,1,1,514345
Democratic People's Republic of Korea,PRK,2007,46988,610,518,440867
Dominica,DMA,2007,0,2,30,29391
Martinique,MTQ,2007,0,1,6,440867
Peru,PER,2007,52191,593,1366,881735
Bulgaria,BGR,2007,0,1,9,3606
United States of America,USA,2007,0,26,40,1028691
Greece,GRC,2007,0,65,64,2571726
Indonesia,IDN,2007,687,25,82,734779
Viet Nam,VNM,2007,0,96,150,280686
Republic of Korea,KOR,2007,0,20,2,102869
Viet Nam,VNM,2007,0,64,80,2939
Japan,JPN,2007,0,4,82,1469558
United States of America,USA,2007,0,8,64,3673895
Viet Nam,VNM,2007,0,83,42,440867
Taiwan (Province of China),TWN,2007,0,18,67,51435
Bangladesh,BGD,2007,215214,4234,55282,3379983
Philippines,PHL,2007,0,29,6,7348
Philippines,PHL,2007,0,20,11,1470
United States of America,USA,2007,0,17,28,1469558
Chile,CHL,2007,0,2,155,146956
United States of America,USA,2007,0,24,2,734779
Bolivia (Plurinational State of),BOL,2007,26053,75,24,734779
United States of America,USA,2007,0,12,40,514345
United States of America,USA,2007,0,4,27,440867
United States of America,USA,2008,0,59,150,1839794
Madagascar,MDG,2008,28487,93,580,84914
Philippines,PHL,2008,38,63,37,43494
Poland,POL,2008,0,2,10,70761
Mozambique,MOZ,2008,8166,9,13,28305
United States of America,USA,2008,0,2,27,636852
Myanmar,MMR,2008,607329,138366,20000,5660904
China,CHN,2008,303663,87476,366596,120294216
United States of America,USA,2008,0,22,150,990658
Philippines,PHL,2008,0,64,33,140354
United States of America,USA,2008,0,7,70,2264362
Japan,JPN,2008,0,23,448,236343
Philippines,PHL,2008,4636,644,826,402906
Japan,JPN,2008,0,1,200,155675
China,CHN,2008,0,1,6,103312
Philippines,PHL,2008,0,10,2,57
Taiwan (Province of China),TWN,2008,0,26,8,22644
Viet Nam,VNM,2008,0,162,90,169827
Pakistan,PAK,2008,0,36,12,145768
"China, Hong Kong Special Administrative Region",HKG,2008,0,2,112,538
Philippines,PHL,2008,0,38,13,47934
China,CHN,2008,0,40,589,696291
Philippines,PHL,2008,0,37,17,10501
Viet Nam,VNM,2008,0,46,61,89159
Taiwan (Province of China),TWN,2008,0,3,60,127370
Taiwan (Province of China),TWN,2008,0,22,20,37362
Algeria,DZA,2008,0,93,50,492499
Viet Nam,VNM,2008,0,29,4,5661
Yemen,YEM,2008,112646,90,64,566090
Pakistan,PAK,2008,15792,166,320,14152
Brazil,BRA,2008,426,151,15,1061420
Panama,PAN,2008,229,12,5,14152
Viet Nam,VNM,2008,0,17,8,1415
Philippines,PHL,2008,0,1,40,396
Philippines,PHL,2008,0,7,1,245
Philippines,PHL,2008,0,2,1,208
Philippines,PHL,2008,0,6,3,5855
United States of America,USA,2008,0,24,148,14152261
India,IND,2008,0,111,50,35381
South Africa,ZAF,2008,0,34,25,608547
Colombia,COL,2008,0,11,54,14152
China,CHN,2008,0,10,100,32550
United States of America,USA,2008,0,13,40,457118
Indonesia,IDN,2009,0,5,250,14203
Costa Rica,CRI,2009,413,31,91,284055
Philippines,PHL,2009,110,33,15,9024
Australia,AUS,2009,0,180,500,1846358
United States of America,USA,2009,0,2,60,235766
Italy,ITA,2009,0,295,1000,3550689
Madagascar,MDG,2009,0,15,10,7101
United States of America,USA,2009,0,9,72,2414469
Philippines,PHL,2009,0,77,53,43094
Afghanistan,AFG,2009,0,39,16,28406
Philippines,PHL,2009,0,29,8,36657
Bangladesh,BGD,2009,14239,190,7103,383474
Honduras,HND,2009,0,7,136,142028
China,CHN,2009,0,52,215,887672
China,CHN,2009,0,15,181,93738
Philippines,PHL,2009,0,16,5,6080
China,CHN,2009,0,1,336,447387
China,CHN,2009,0,54,4,197418
United States of America,USA,2009,0,16,50,3550689
Japan,JPN,2009,0,1,319,568110
China,CHN,2009,0,8,4,2010534
Philippines,PHL,2009,0,26,18,35507
Taiwan (Province of China),TWN,2009,3711,630,46,355069
Russian Federation,RUS,2009,0,75,14,1874764
Indonesia,IDN,2009,0,128,1442,227244
Türkiye,TUR,2009,0,40,20,781152
China,CHN,2009,0,13,58,418983
Lao People's Democratic Republic,LAO,2009,12769,16,91,142028
Philippines,PHL,2009,105548,501,529,337300
Viet Nam,VNM,2009,0,182,860,1114916
Tonga,TON,2009,0,9,7,13493
Samoa,WSM,2009,0,148,310,176171
Indonesia,IDN,2009,77768,1195,1798,3124607
Philippines,PHL,2009,646,512,207,831400
Japan,JPN,2009,0,4,119,1420276
Italy,ITA,2009,0,35,140,28406
Nepal,NPL,2009,0,87,62,85217
Burkina Faso,BFA,2009,15101,9,1000,213041
Philippines,PHL,2009,0,39,20,21580
Viet Nam,VNM,2009,1760,124,145,397677
Indonesia,IDN,2009,0,2,100,3451
India,IND,2009,0,70,8,90898
China,CHN,2009,0,41,96,1462884
India,IND,2009,0,11,135,284055
Philippines,PHL,2009,0,4,13,17
United States of America,USA,2009,0,1,2,2840552
Philippines,PHL,2009,0,14,10,4102
China,CHN,2009,0,20,38,46869
Mongolia,MNG,2009,0,5,7,88057
United States of America,USA,2009,0,6,25,2130414
Haiti,HTI,2010,3518530,222570,300000,11178868
Philippines,PHL,2010,0,2,2,109
China,CHN,2010,0,30,1100,125762
French Polynesia,PYF,2010,0,1,11,15371
China,CHN,2010,0,1,15,6148
Portugal,PRT,2010,50,43,18,1886434
France,FRA,2010,0,53,79,5910827
Chile,CHL,2010,68705,562,10334,41920756
Kazakhstan,KAZ,2010,0,44,700,48315
Brazil,BRA,2010,151,256,403,279472
Mexico,MEX,2010,0,2,232,1606962
United States of America,USA,2010,0,11,17,27947170
Colombia,COL,2010,0,418,463,1397359
China,CHN,2010,8380,2968,12000,698679
Tajikistan,TJK,2010,514,73,300,285061
China,CHN,2010,0,29,190,86987
United States of America,USA,2010,0,5,58,3772868
Guatemala,GTM,2010,0,174,154,908283
Honduras,HND,2010,0,18,4,125762
El Salvador,SLV,2010,0,10,3,27947
Ukraine,UKR,2010,0,6,59,2655
Philippines,PHL,2010,0,146,91,12122
Pakistan,PAK,2010,2653281,1985,2946,13274906
Russian Federation,RUS,2010,700,53,996,2515245
China,CHN,2010,0,1765,200,1060595
Viet Nam,VNM,2010,0,14,20,61484
Guatemala,GTM,2010,0,53,56,698679
United States of America,USA,2010,0,8,60,349340
Taiwan (Province of China),TWN,2010,0,2,100,88173
Philippines,PHL,2010,0,6,9,4410
Jamaica,JAM,2010,68,15,26,209604
Nigeria,NGA,2010,0,40,200,41921
Indonesia,IDN,2010,0,291,3417,108994
Viet Nam,VNM,2010,0,84,75,199124
Hungary,HUN,2010,0,9,150,143928
Philippines,PHL,2010,6456,35,42,385315
Myanmar,MMR,2010,0,45,49,79649
Viet Nam,VNM,2010,0,31,8,150496
Serbia,SRB,2010,549,2,120,184815
Morocco,MAR,2010,0,32,3,40523
Israel,ISR,2010,574,44,22,377287
Philippines,PHL,2010,251,110,13,66250
Italy,ITA,2010,0,3,5,1218497
China,CHN,2011,0,2,472,380641
Philippines,PHL,2011,0,23,164,16812
Sri Lanka,LKA,2011,36056,47,51,270919
Philippines,PHL,2011,0,1,6,317
New Zealand,NZL,2011,9823,181,1500,20318939
China,CHN,2011,0,25,250,392833
Japan,JPN,2011,735797,19846,5933,284465151
Philippines,PHL,2011,0,16,1,379
Myanmar,MMR,2011,1008,74,125,4877
South Africa,ZAF,2011,3093,40,321,285820
Colombia,COL,2011,1590,138,158,1395234
United States of America,USA,2011,0,46,43,2709192
China,CHN,2011,0,18,150,20319
United States of America,USA,2011,0,2,5,247891
United States of America,USA,2011,0,354,2200,14900556
Philippines,PHL,2011,0,37,11,42343
Spain,ESP,2011,0,10,300,270919
Türkiye,TUR,2011,0,3,121,330521
United States of America,USA,2011,0,176,1150,18964343
Philippines,PHL,2011,0,12,3,14448
Nigeria,NGA,2011,0,24,150,6096
Philippines,PHL,2011,0,20,4,17432
India,IND,2011,0,68,100,2709
Philippines,PHL,2011,1871,84,53,85689
Philippines,PHL,2011,0,11,5,80
Russian Federation,RUS,2011,0,1,14,4064
Belgium,BEL,2011,0,5,71,134105
Philippines,PHL,2011,0,43,37,46669
Pakistan,PAK,2011,263540,509,755,3386490
Japan,JPN,2011,0,13,308,2465365
Cambodia,KHM,2011,20499,247,23,705744
Philippines,PHL,2011,0,25,12,3596
Philippines,PHL,2011,1767,103,91,466215
Colombia,COL,2011,0,135,104,1747429
Guatemala,GTM,2011,0,43,18,83867
New Zealand,NZL,2011,0,1,45,4063788
Türkiye,TUR,2011,32934,604,4152,2031894
Algeria,DZA,2011,0,10,43,1055230
Philippines,PHL,2011,0,5,13,248
Philippines,PHL,2011,0,1439,6071,51586
Japan,JPN,2011,0,5,55,67730
South Africa,ZAF,2011,0,5,50,13546
United States of America,USA,2012,0,2,100,232248
Japan,JPN,2012,0,134,1991,209687
Philippines,PHL,2012,220,113,112,11811
Madagascar,MDG,2012,4262,35,284,132713
United States of America,USA,2012,0,14,200,663567
United States of America,USA,2012,0,41,400,6635666
Argentina,ARG,2012,0,18,20,13271
Comoros,COM,2012,6120,4,150,6636
Mexico,MEX,2012,0,2,11,424683
Chile,CHL,2012,0,1,14,132713
Italy,ITA,2012,0,7,50,20968705
Nepal,NPL,2012,0,1,4,1327
United States of America,USA,2012,0,6,30,2388840
Georgia,GEO,2012,0,5,18,3981
United States of America,USA,2012,0,9,1,278698
Nepal,NPL,2012,0,72,5,1327
China,CHN,2012,0,4,394,398140
Poland,POL,2012,0,1,10,7830
Russian Federation,RUS,2012,0,172,3910,796280
Democratic People's Republic of Korea,PRK,2012,3380,88,144,15129
Philippines,PHL,2012,0,58,35,13034
Philippines,PHL,2012,0,112,14,95992
Iran (Islamic Republic of),IRN,2012,28540,306,2006,663567
China,CHN,2012,0,3,7,1990700
Viet Nam,VNM,2012,0,17,14,9025
Philippines,PHL,2012,0,11,1,131
Costa Rica,CRI,2012,0,2,225,59721
China,CHN,2012,0,81,821,1327133
Viet Nam,VNM,2012,0,34,40,39814
Pakistan,PAK,2012,149274,480,2902,3317833
Nigeria,NGA,2012,0,363,867,663567
Philippines,PHL,2012,0,36,19,1777
Viet Nam,VNM,2012,0,11,90,445917
Guatemala,GTM,2012,0,44,178,278698
Haiti,HTI,2012,0,75,20,337092
Myanmar,MMR,2012,0,38,231,1553
Argentina,ARG,2012,0,1,10,2654
Philippines,PHL,2012,0,1,10,4305
Spain,ESP,2012,0,10,35,524218
Japan,JPN,2012,0,2,180,36363
Paraguay,PRY,2012,0,5,100,2654
Philippines,PHL,2012,0,1901,2666,1192233
New Zealand,NZL,2012,0,3,7,12077
Sri Lanka,LKA,2012,0,53,21,1593
Philippines,PHL,2012,120,24,3,7334
Indonesia,IDN,2012,0,16,60,1327
United States of America,USA,2012,0,1,100,5972099
Philippines,PHL,2012,0,29,2,1327
United States of America,USA,2012,0,3,1,132713
Republic of Korea,KOR,2012,0,5,3178,39814
United States of America,USA,2013,0,3,18,392392
China,CHN,2013,0,46,2,10464
Madagascar,MDG,2013,0,42,127,32699
Brazil,BRA,2013,0,235,100,6540
United States of America,USA,2013,0,1,82,130797
Brazil,BRA,2013,0,30,44,1962
Mauritius,MUS,2013,0,11,82,2616
China,CHN,2013,0,25,324,338765
Bangladesh,BGD,2013,0,31,388,26159
Iran (Islamic Republic of),IRN,2013,0,37,850,784784
China,CHN,2013,0,198,14785,8894220
Kenya,KEN,2013,0,96,20,47087
India,IND,2013,0,3,70,156957
United States of America,USA,2013,0,29,450,4054718
United States of America,USA,2013,0,15,200,261595
United States of America,USA,2013,0,6,100,392392
United States of America,USA,2013,0,27,150,2746744
India,IND,2013,0,6054,4473,1438771
Taiwan (Province of China),TWN,2013,0,4,19,1439
Sri Lanka,LKA,2013,0,58,15,2616
Indonesia,IDN,2013,0,48,2532,170037
China,CHN,2013,0,95,887,1307974
China,CHN,2013,0,9,150,601668
Taiwan (Province of China),TWN,2013,0,3,54,56897
Philippines,PHL,2013,0,7,4,1308
Spain,ESP,2013,0,79,140,180500
Philippines,PHL,2013,0,18,7,42419
Philippines,PHL,2013,0,31,30,2864462
Pakistan,PAK,2013,0,234,855,1961960
Sudan,SDN,2013,0,76,133,9156
China,CHN,2013,0,3,50,202736
Lao People's Democratic Republic,LAO,2013,0,20,77,78478
Philippines,PHL,2013,0,11,21,47087
Viet Nam,VNM,2013,0,7,11,1308
Philippines,PHL,2013,0,6,4,2197
Pakistan,PAK,2013,0,399,599,130797
Philippines,PHL,2013,0,230,976,67307
Japan,JPN,2013,0,39,107,261595
United States of America,USA,2013,0,1,6,13080
Guatemala,GTM,2013,0,1,52,2616
Brazil,BRA,2013,0,2,64,117718
Japan,JPN,2013,0,1,19,2616
Japan,JPN,2013,0,6,141,2616
China,CHN,2013,0,17,30,448635
Philippines,PHL,2013,0,33,8,5232
Viet Nam,VNM,2013,0,31,330,867487
Philippines,PHL,2013,0,20,154,126511
Viet Nam,VNM,2013,0,20,154,99406
Philippines,PHL,2013,865152,7354,28689,13079735
Viet Nam,VNM,2013,0,16,89,960053
United States of America,USA,2013,0,11,185,1700366
Viet Nam,VNM,2013,0,47,66,94174
Saint Vincent and the Grenadines,VCT,2013,0,12,37,141261
Argentina,ARG,2013,0,4,12,2616
Brazil,BRA,2013,0,64,100,706306
Taiwan (Province of China),TWN,2013,0,1,97,1308
Tonga,TON,2014,0,1,14,39900
Réunion,REU,2014,0,1,15,109403
Philippines,PHL,2014,0,79,86,16206
Italy,ITA,2014,0,2,1,154451
Indonesia,IDN,2014,0,32,2,106829
Iran (Islamic Republic of),IRN,2014,0,1,30,2574
Japan,JPN,2014,0,37,2800,7593854
Burundi,BDI,2014,0,96,182,2574
Indonesia,IDN,2014,0,7,70,132571
Zimbabwe,ZWE,2014,0,3,2,25742
Japan,JPN,2014,0,24,1600,238112
Republic of Korea,KOR,2014,0,10,101,14158
China,CHN,2014,0,10,90,868788
Vanuatu,VUT,2014,0,12,6,2574
Nicaragua,NIC,2014,0,2,266,3861
Chile,CHL,2014,0,12,500,43761
Tajikistan,TJK,2014,0,20,38,2574
United States of America,USA,2014,0,40,15,2574188
Thailand,THA,2014,0,1,23,79800
Greece,GRC,2014,0,3,2,579192
Sri Lanka,LKA,2014,0,27,9,2574
Afghanistan,AFG,2014,0,81,35,3861
Russian Federation,RUS,2014,0,6,2000,10297
China,CHN,2014,0,71,99,5448234
Philippines,PHL,2014,0,111,1250,1056158
Japan,JPN,2014,0,7,66,200787
Japan,JPN,2014,0,82,67,48910
China,CHN,2014,0,731,3413,6435470
Bangladesh,BGD,2014,0,59,447,205935
Japan,JPN,2014,0,10,96,257419
United States of America,USA,2014,0,1,250,900966
Philippines,PHL,2014,0,22,16,97540
Mexico,MEX,2014,0,6,135,3217735
Pakistan,PAK,2014,0,255,673,2574188
Germany,DEU,2014,0,2,1,514838
Philippines,PHL,2014,0,4,1,24690
Japan,JPN,2014,0,9,94,128709
Japan,JPN,2014,0,7,60,128709
Bulgaria,BGR,2014,0,1,40,701466
Democratic Republic of the Congo,COD,2014,0,154,1000,19306
China,CHN,2014,0,1,324,352664
China,CHN,2014,0,5,65,64355
Philippines,PHL,2014,8139,18,916,146572
United States of America,USA,2014,0,2,36,2059350
Malawi,MWI,2015,52916,278,645,501372
Madagascar,MDG,2015,0,89,37,46280
Afghanistan,AFG,2015,0,254,72,3857
India,IND,2015,0,44,25,97703
Bangladesh,BGD,2015,0,53,200,5142
Mexico,MEX,2015,0,14,229,2571
United States of America,USA,2015,0,1,12,642784
China,CHN,2015,0,34,148,289253
Russian Federation,RUS,2015,0,30,977,175892
United States of America,USA,2015,0,3,12,1799797
Nepal,NPL,2015,533808,8831,17932,6651534
Pakistan,PAK,2015,0,49,267,1286
United States of America,USA,2015,0,4,12,1221291
Brazil,BRA,2015,0,2,97,2571
China,CHN,2015,0,7,37,25711
India,IND,2015,0,100,100,205691
United States of America,USA,2015,0,1,40,205691
China,CHN,2015,0,58,21,1028455
Malaysia,MYS,2015,0,24,10,3
Bangladesh,BGD,2015,0,20,20651,51423
Japan,JPN,2015,0,2,56,266113
China,CHN,2015,0,3,263,4114
North Macedonia,MKD,2015,0,7,30,111845
Burkina Faso,BFA,2015,0,8,54,39853
Philippines,PHL,2015,0,40,24,38951
Dominica,DMA,2015,0,30,20,620686
United States of America,USA,2015,0,4,40,1221291
United States of America,USA,2015,0,4,8,192835
Japan,JPN,2015,0,21,46,1799797
Chile,CHL,2015,0,19,15,1028455
Guatemala,GTM,2015,0,350,26,6428
Taiwan (Province of China),TWN,2015,0,3,376,33425
Philippines,PHL,2015,0,51,83,271236
Yemen,YEM,2015,0,8,65,257114
India,IND,2015,0,325,1000,2828252
Australia,AUS,2015,0,2,30,257114
Tajikistan,TJK,2015,0,2,14,6428
Philippines,PHL,2015,0,46,24,173831
United States of America,USA,2015,0,50,60,2571138
United States of America,USA,2015,0,31,50,771341
India,IND,2016,0,8,308,95216
United States of America,USA,2016,0,50,12,698254
Fiji,FJI,2016,41862,45,144,761731
Taiwan (Province of China),TWN,2016,0,117,525,888687
United States of America,USA,2016,0,10,12,1523463
Haiti,HTI,2016,0,5,7660,2539
Japan,JPN,2016,0,9,800,48242988
Uruguay,URY,2016,0,8,250,3809
Ecuador,ECU,2016,44992,672,6274,2539105
Chile,CHL,2016,0,12,100,126955
Japan,JPN,2016,0,49,1684,25391047
Myanmar,MMR,2016,0,14,12,2539
United States of America,USA,2016,0,2,10,2158239
France,FRA,2016,0,5,24,3046926
United States of America,USA,2016,0,9,12,1396508
Myanmar,MMR,2016,0,18,24,3301
China,CHN,2016,0,102,1000,383405
China,CHN,2016,0,99,846,634776
Nepal,NPL,2016,0,138,51,19043
Viet Nam,VNM,2016,0,1,5,242484
North Macedonia,MKD,2016,0,22,60,63478
Portugal,PRT,2016,0,4,200,199320
Italy,ITA,2016,0,296,400,6347762
United Republic of Tanzania,TZA,2016,0,17,440,581455
Taiwan (Province of China),TWN,2016,0,7,160,139651
Haiti,HTI,2016,0,546,439,2539105
Italy,ITA,2016,0,1,24,253910
Egypt,EGY,2016,0,26,72,31739
Viet Nam,VNM,2016,0,11,15,199
Japan,JPN,2016,0,2,70,126955
Myanmar,MMR,2016,0,4,2,12696
New Zealand,NZL,2016,0,2,50,4951254
Viet Nam,VNM,2016,0,35,30,132389
United States of America,USA,2016,0,14,191,1523463
Indonesia,IDN,2016,0,104,857,126955
United States of America,USA,2016,0,8,33,349127
Saudi Arabia,SAU,2016,0,3,2,63478
Viet Nam,VNM,2016,0,27,16,44434
Mozambique,MOZ,2016,0,12,200,1904
Pakistan,PAK,2016,0,141,127,2539
Chile,CHL,2017,0,11,16,683690
Italy,ITA,2017,0,29,11,22375
United States of America,USA,2017,0,24,200,1367381
Philippines,PHL,2017,0,8,202,17371
Mozambique,MOZ,2017,0,7,102,21132
United States of America,USA,2017,0,4,12,2361839
Madagascar,MDG,2017,0,81,253,24861
Peru,PER,2017,0,184,505,3853527
France,FRA,2017,0,2,11,683690
Colombia,COL,2017,0,329,360,124307
Zimbabwe,ZWE,2017,0,251,128,234941
Indonesia,IDN,2017,0,28,17,13674
United States of America,USA,2017,0,11,12,1243073
China,CHN,2017,0,7,33,34806
Colombia,COL,2017,0,20,23,2486
China,CHN,2017,0,8,23,2486
United States of America,USA,2017,0,20,70,2113225
Philippines,PHL,2017,0,10,10,2486
Russian Federation,RUS,2017,0,16,201,2486
Sri Lanka,LKA,2017,0,293,154,483556
Taiwan (Province of China),TWN,2017,0,5,35,34930
Portugal,PRT,2017,0,64,204,288393
Iran (Islamic Republic of),IRN,2017,0,3,417,2486
Indonesia,IDN,2017,0,7,11,2486
Pakistan,PAK,2017,0,167,167,136738
China,CHN,2017,0,78,8,7458440
Japan,JPN,2017,0,37,34,870151
Philippines,PHL,2017,0,3,448,5425
Viet Nam,VNM,2017,0,1,4,441
Taiwan (Province of China),TWN,2017,0,1,131,21381
Japan,JPN,2017,0,2,51,2486
China,CHN,2017,0,29,525,621537
Viet Nam,VNM,2017,0,39,21,109390
Poland,POL,2017,0,6,45,341845
Nepal,NPL,2017,0,176,134,739629
Sierra Leone,SLE,2017,0,1102,100,37292
China,CHN,2017,0,8,373,4350757
"China, Macao Special Administrative Region",MAC,2017,0,10,200,1765164
Viet Nam,VNM,2017,0,1,1,1777595
Germany,DEU,2017,0,3,24,197649
United States of America,USA,2017,0,88,24,118091963
China,CHN,2017,0,35,8,2859
India,IND,2017,0,14,12,372922
Saint Martin (French Part),MAF,2017,0,12,110,5096601
Sint Maarten (Dutch part),SXM,2017,0,4,40,3107683
Mexico,MEX,2017,0,98,250,2859069
Dominica,DMA,2017,0,64,100,1809915
Guadeloupe,GLP,2017,0,4,2,149169
Mexico,MEX,2017,0,369,6000,7458440
Viet Nam,VNM,2017,0,14,112,601647
Romania,ROU,2017,0,9,137,9074
Portugal,PRT,2017,0,45,71,621537
Viet Nam,VNM,2017,0,75,38,0
Japan,JPN,2017,0,8,210,1243073
United States of America,USA,2017,0,43,185,16159953
Iran (Islamic Republic of),IRN,2017,0,444,9000,919874
South Africa,ZAF,2017,0,11,18,397783
Japan,JPN,2017,0,2,56,621537
Albania,ALB,2017,0,1,2,11063
Sri Lanka,LKA,2017,0,27,77,430103
United States of America,USA,2017,0,2,2,2734761
Philippines,PHL,2017,0,91,78,89378
United States of America,USA,2017,0,2,15,2734761
France,FRA,2018,0,6,30,242687
Philippines,PHL,2018,0,3,9,14916
United States of America,USA,2018,0,21,28,1092092
Germany,DEU,2018,0,5,12,714076
Indonesia,IDN,2018,0,1,11,97075
Papua New Guinea,PNG,2018,0,145,300,74020
Taiwan (Province of China),TWN,2018,0,84,285,121344
Rwanda,RWA,2018,0,24,51,26696
Kenya,KEN,2018,0,72,33,424702
India,IND,2018,0,42,200,121344
India,IND,2018,0,18,50,121344
India,IND,2018,0,143,200,29122
Japan,JPN,2018,0,5,417,3943664
Japan,JPN,2018,0,246,102,11527634
Viet Nam,VNM,2018,0,33,18,27909
Rwanda,RWA,2018,0,18,12,33976
India,IND,2018,0,15,24,12134
Indonesia,IDN,2018,0,14,135,35190
Indonesia,IDN,2018,0,564,1584,958614
Indonesia,IDN,2018,0,10,24,6067
Taiwan (Province of China),TWN,2018,0,7,140,41257
Japan,JPN,2018,0,17,600,15167939
Ethiopia,ETH,2018,0,12,4,44
Japan,JPN,2018,0,41,680,1516794
Philippines,PHL,2018,0,84,138,38870
Japan,JPN,2018,0,4,200,5460458
Nigeria,NGA,2018,0,199,1306,333695
France,FRA,2018,0,14,76,412568
Portugal,PRT,2018,0,2,28,140152
Iran (Islamic Republic of),IRN,2018,0,9,145,201430
India,IND,2018,0,85,200,1116360
Philippines,PHL,2018,0,12,2,370098
Russian Federation,RUS,2018,0,8,3,12134
Philippines,PHL,2018,0,182,105,129538
Indonesia,IDN,2018,0,453,14059,303359
United States of America,USA,2018,0,2,3,6309863
Viet Nam,VNM,2018,0,19,28,20871
United States of America,USA,2019,0,28,90,226449
Iran (Islamic Republic of),IRN,2019,0,5,20,95347
United States of America,USA,2019,0,2,12,1430203
China,CHN,2019,0,2,12,2384
Mozambique,MOZ,2019,0,603,1500,2383672
Indonesia,IDN,2019,0,206,915,122759
Iran (Islamic Republic of),IRN,2019,0,70,1076,2979590
United States of America,USA,2019,0,8,12,1549387
Philippines,PHL,2019,0,25,282,59592
Mozambique,MOZ,2019,0,45,94,274122
Indonesia,IDN,2019,0,18,2,17878
Libya,LBY,2019,0,4,30,8462
China,CHN,2019,0,13,220,1549387
China,CHN,2019,0,6,120,172816
Russian Federation,RUS,2019,0,31,190,548245
Nepal,NPL,2019,0,119,41,243135
Philippines,PHL,2019,0,9,64,6267
China,CHN,2019,0,38,6,238367
Japan,JPN,2019,0,1,2,119184
Pakistan,PAK,2019,0,39,746,20261
Republic of Korea,KOR,2019,0,15,11,659085
Japan,JPN,2019,0,99,470,20261210
United States of America,USA,2019,0,3,12,387347
Japan,JPN,2019,0,3,150,10845706
Australia,AUS,2019,0,32,24,2383672
Philippines,PHL,2019,0,19,3,42906
Bangladesh,BGD,2019,0,40,71,6895
Iran (Islamic Republic of),IRN,2019,0,6,584,107265
Albania,ALB,2019,0,51,913,834285
Philippines,PHL,2019,0,4,318,130090
Madagascar,MDG,2019,0,5,6293,29796
France,FRA,2019,0,2,13,119184
Indonesia,IDN,2019,0,66,110,1430203
Philippines,PHL,2019,0,63,369,18738
Puerto Rico,PRI,2020,0,4,8,941850
Iran (Islamic Republic of),IRN,2020,0,4,12,951269
Brazil,BRA,2020,0,61,12,353194
Türkiye,TUR,2020,0,41,1607,0
United States of America,USA,2020,0,25,300,2943282
Viet Nam,VNM,2020,0,5,17,1766
Peru,PER,2020,0,15,23,11773
Egypt,EGY,2020,0,40,400,89476
Croatia,HRV,2020,0,1,27,8005727
Yemen,YEM,2020,0,2,4,11773
Iran (Islamic Republic of),IRN,2020,0,21,22,1765969
Timor-Leste,TLS,2020,0,3,7,23546
United States of America,USA,2020,0,38,200,4120595
United States of America,USA,2020,0,3,31,1648238
Yemen,YEM,2020,0,10,30,11773
Thailand,THA,2020,0,2,2,11773
Philippines,PHL,2020,0,5,169,36614
China,CHN,2020,0,4,24,20014
Indonesia,IDN,2020,0,7,3,2472
Mexico,MEX,2020,0,10,24,88298
Japan,JPN,2020,0,82,114,6828414
Nepal,NPL,2020,0,448,287,117731
Sudan,SDN,2020,0,155,13,294328
Lebanon,LBN,2020,0,206,6000,17659691
Indonesia,IDN,2020,0,105,51,11773
Viet Nam,VNM,2020,0,5,1,25901
Pakistan,PAK,2020,0,410,170,1765969
Philippines,PHL,2020,0,1,20,2943
Italy,ITA,2020,0,3,20,70639
Nigeria,NGA,2020,0,155,825,117731
Philippines,PHL,2020,0,31,399,592534
Türkiye,TUR,2020,0,115,1034,529791
Philippines,PHL,2020,0,31,40,102544
Guatemala,GTM,2020,0,160,30,454443
Philippines,PHL,2020,0,111,85,495649
Philippines,PHL,2020,0,9,2,2700
Norway,NOR,2020,0,10,10,153051
Croatia,HRV,2020,0,8,36,7326888
Indonesia,IDN,2021,0,110,826,66007
Japan,JPN,2021,0,23,394,2248973
United States of America,USA,2021,0,1,30,134938
Brazil,BRA,2021,0,2,2,41606
Philippines,PHL,2021,0,5,2,3502
Iran (Islamic Republic of),IRN,2021,0,2,63,11245
United States of America,USA,2021,0,235,10,33734590
Japan,JPN,2021,0,1,185,8658545
United States of America,USA,2021,0,1,1,168673
Indonesia,IDN,2021,0,226,21,899589
United States of America,USA,2021,0,3,7,1062640
China,CHN,2021,0,11,66,2811
India,IND,2021,0,198,153,1574281
China,CHN,2021,0,12,249,107951
United States of America,USA,2021,0,4,8,1461832
China,CHN,2021,0,3,28,580235
United States of America,USA,2021,0,14,20,421682
Czechia,CZE,2021,0,6,213,788265
Canada,CAN,2021,0,1,2,28112
United States of America,USA,2021,0,1,9,1349384
Germany,DEU,2021,0,197,1000,44979453
United States of America,USA,2021,0,3,13,3373459
Türkiye,TUR,2021,0,9,122,260881
Greece,GRC,2021,0,2,500,652202
Türkiye,TUR,2021,0,70,360,326101
Haiti,HTI,2021,0,2575,12763,1821748
Mexico,MEX,2021,0,2,3,112449
China,CHN,2021,0,3,88,281122
Greece,GRC,2021,0,1,20,33735
Philippines,PHL,2021,0,59,5,85022
Iran (Islamic Republic of),IRN,2021,0,1,104,185540
Indonesia,IDN,2021,0,71,27,22490
Brazil,BRA,2021,0,51,523,468911
United States of America,USA,2021,0,93,100,5847329
Philippines,PHL,2021,0,457,1371,1029210
Brazil,BRA,2022,0,15,32,93705
Brazil,BRA,2022,0,35,12,74964
Ecuador,ECU,2022,0,29,52,55182
Brazil,BRA,2022,0,272,197,28111
Indonesia,IDN,2022,0,15,388,40605
Japan,JPN,2022,0,3,183,9162244
United States of America,USA,2022,0,5,50,3123492
Philippines,PHL,2022,0,346,8,43267
South Africa,ZAF,2022,0,544,50,3644074
United States of America,USA,2022,0,1,28,2915259
United States of America,USA,2022,0,2,49,161380
Bosnia and Herzegovina,BIH,2022,0,1,2,27070
United States of America,USA,2022,0,3,6,606999
India,IND,2022,0,2035,1260,4372889
Guatemala,GTM,2022,0,48,23,212397
Brazil,BRA,2022,0,116,4,477894
United States of America,USA,2022,0,2,12,2602910
China,CHN,2022,0,4,41,43729
Cameroon,CMR,2022,0,2,95,15617
Iran (Islamic Republic of),IRN,2022,0,5,84,148886
Pakistan,PAK,2022,0,1739,12865,0
Sudan,SDN,2022,0,146,122,10412
Philippines,PHL,2022,0,10,394,157216
United States of America,USA,2022,0,4,7,157216
Japan,JPN,2022,0,2,8,146804
Republic of Korea,KOR,2022,0,14,18,440412
China,CHN,2022,0,118,400,2394677
Japan,JPN,2022,0,5,140,2082328
Taiwan (Province of China),TWN,2022,0,1,140,52058
Philippines,PHL,2022,0,17,52,59290
Mexico,MEX,2022,0,2,9,26029
Nigeria,NGA,2022,0,603,2500,4372889
Viet Nam,VNM,2022,0,19,110,67676
Philippines,PHL,2022,0,158,103,47445
Türkiye,TUR,2022,0,2,93,52058
United States of America,USA,2022,0,2,12,260291
United States of America,USA,2022,0,3,37,359202
Philippines,PHL,2022,0,70,16,11453
Philippines,PHL,2023,0,52,11,30371
United States of America,USA,2023,0,11,49,770000
Iran (Islamic Republic of),IRN,2023,0,3,1017,255000
Chile,CHL,2023,0,26,3034,900000
United States of America,USA,2023,0,10,25,385000
Syrian Arab Republic,SYR,2023,0,5900,8700,8900000
Türkiye,TUR,2023,0,53000,107000,34000000
Brazil,BRA,2023,0,67,25,30000
Malawi,MWI,2023,0,1209,2186,506710
Ecuador,ECU,2023,0,30,37,205000
United States of America,USA,2023,0,25,72,2900000
United States of America,USA,2023,0,31,200,5500000
United States of America,USA,2023,0,5,5,2900000
Democratic Republic of the Congo,COD,2023,0,2830,220,10000
Bangladesh,BGD,2023,0,3,12,1000
United States of America,USA,2023,0,5,135,3800000
United States of America,USA,2023,0,3,12,4100000
United States of America,USA,2023,0,8,100,5300000
China,CHN,2023,0,56,39,25000000
Philippines,PHL,2023,0,39,171,284256
Taiwan (Province of China),TWN,2023,0,1,68,10000
China,CHN,2023,0,1,2,690000
Philippines,PHL,2023,0,4,3,33000
Morocco,MAR,2023,0,2946,5674,7000000
Brazil,BRA,2023,0,46,924,705000
Nepal,NPL,2023,0,154,366,100000
Philippines,PHL,2023,0,11,37,25393
Philippines,PHL,2023,0,2,1,2160
United States of America,USA,2023,0,6,91,100000
Argentina,ARG,2023,0,15,14,125000
United States of America,USA,2023,0,7,12,1300000
