STRUCTURE_NAME,REF_AREA,Reference area,TIME_PERIOD,Age,% of pop perceived 
Health status,FIN,Finland,1980,From 25 to 44 years,73.5
Health status,FIN,Finland,1981,From 25 to 44 years,75.4
Health status,FIN,Finland,1982,From 25 to 44 years,74.9
Health status,FIN,Finland,1983,From 25 to 44 years,76.5
Health status,FIN,Finland,1984,From 25 to 44 years,74.4
Health status,FIN,Finland,1985,From 25 to 44 years,76
Health status,FIN,Finland,1986,From 25 to 44 years,74.4
Health status,FIN,Finland,1987,From 25 to 44 years,72.5
Health status,FIN,Finland,1988,From 25 to 44 years,72.8
Health status,FIN,Finland,1989,From 25 to 44 years,72.7
Health status,FIN,Finland,1990,From 25 to 44 years,72.5
Health status,FIN,Finland,1991,From 25 to 44 years,72.4
Health status,FIN,Finland,1992,From 25 to 44 years,73.8
Health status,FIN,Finland,1993,From 25 to 44 years,78.1
Health status,FIN,Finland,1994,From 25 to 44 years,82.7
Health status,FIN,Finland,1995,From 25 to 44 years,81.2
Health status,FIN,Finland,1996,From 25 to 44 years,72
Health status,FIN,Finland,1997,From 25 to 44 years,70.3
Health status,FIN,Finland,1998,From 25 to 44 years,70.4
Health status,FIN,Finland,1999,From 25 to 44 years,72.9
Health status,FIN,Finland,2000,From 25 to 44 years,72.8
Health status,FIN,Finland,2001,From 25 to 44 years,70.1
Health status,FIN,Finland,2002,From 25 to 44 years,73.2
Health status,FIN,Finland,2003,From 25 to 44 years,70
Health status,FIN,Finland,2004,From 25 to 44 years,84.8
Health status,FIN,Finland,2005,From 25 to 44 years,84.9
Health status,FIN,Finland,2006,From 25 to 44 years,84.1
Health status,FIN,Finland,2007,From 25 to 44 years,87.2
Health status,FIN,Finland,2008,From 25 to 44 years,87.2
Health status,FIN,Finland,2009,From 25 to 44 years,88.2
Health status,FIN,Finland,2010,From 25 to 44 years,87.8
Health status,FIN,Finland,2011,From 25 to 44 years,88.7
Health status,FIN,Finland,2012,From 25 to 44 years,84.3
Health status,FIN,Finland,2013,From 25 to 44 years,81.4
Health status,FIN,Finland,2014,From 25 to 44 years,86.6
Health status,FIN,Finland,2015,From 25 to 44 years,84.1
Health status,NLD,Netherlands,1983,From 25 to 44 years,87.4
Health status,NLD,Netherlands,1984,From 25 to 44 years,86.9
Health status,NLD,Netherlands,1985,From 25 to 44 years,87.4
Health status,NLD,Netherlands,1986,From 25 to 44 years,87.7
Health status,NLD,Netherlands,1987,From 25 to 44 years,87.4
Health status,NLD,Netherlands,1988,From 25 to 44 years,88.8
Health status,NLD,Netherlands,1989,From 25 to 44 years,88.4
Health status,NLD,Netherlands,1990,From 25 to 44 years,85.8
Health status,NLD,Netherlands,1991,From 25 to 44 years,85.8
Health status,NLD,Netherlands,1992,From 25 to 44 years,86.7
Health status,NLD,Netherlands,1993,From 25 to 44 years,85.6
Health status,NLD,Netherlands,1994,From 25 to 44 years,85.6
Health status,NLD,Netherlands,1995,From 25 to 44 years,86.7
Health status,NLD,Netherlands,1996,From 25 to 44 years,87.8
Health status,NLD,Netherlands,1997,From 25 to 44 years,87.1
Health status,NLD,Netherlands,1998,From 25 to 44 years,86.6
Health status,NLD,Netherlands,1999,From 25 to 44 years,85.4
Health status,NLD,Netherlands,2000,From 25 to 44 years,86
Health status,NLD,Netherlands,2001,From 25 to 44 years,86.6
Health status,NLD,Netherlands,2002,From 25 to 44 years,85.5
Health status,NLD,Netherlands,2003,From 25 to 44 years,85.8
Health status,NLD,Netherlands,2004,From 25 to 44 years,86.1
Health status,NLD,Netherlands,2005,From 25 to 44 years,86.9
Health status,NLD,Netherlands,2006,From 25 to 44 years,85.4
Health status,NLD,Netherlands,2007,From 25 to 44 years,85.8
Health status,NLD,Netherlands,2008,From 25 to 44 years,86.2
Health status,NLD,Netherlands,2009,From 25 to 44 years,86.2
Health status,NLD,Netherlands,2010,From 25 to 44 years,87.3
Health status,NLD,Netherlands,2011,From 25 to 44 years,86
Health status,NLD,Netherlands,2012,From 25 to 44 years,85.9
Health status,NLD,Netherlands,2013,From 25 to 44 years,84.7
Health status,NLD,Netherlands,2014,From 25 to 44 years,87.7
Health status,NLD,Netherlands,2015,From 25 to 44 years,86.8
Health status,GRC,Greece,2003,From 25 to 44 years,95.7
Health status,GRC,Greece,2004,From 25 to 44 years,95.7
Health status,GRC,Greece,2005,From 25 to 44 years,94.7
Health status,GRC,Greece,2006,From 25 to 44 years,94.1
Health status,GRC,Greece,2007,From 25 to 44 years,94.1
Health status,GRC,Greece,2008,From 25 to 44 years,92.9
Health status,GRC,Greece,2009,From 25 to 44 years,93.7
Health status,GRC,Greece,2010,From 25 to 44 years,94.9
Health status,GRC,Greece,2011,From 25 to 44 years,94.4
Health status,GRC,Greece,2012,From 25 to 44 years,93.6
Health status,GRC,Greece,2013,From 25 to 44 years,94
Health status,GRC,Greece,2014,From 25 to 44 years,93.1
Health status,GRC,Greece,2015,From 25 to 44 years,93.4
Health status,LTU,Lithuania,2005,From 25 to 44 years,58.4
Health status,LTU,Lithuania,2006,From 25 to 44 years,62.6
Health status,LTU,Lithuania,2007,From 25 to 44 years,70.2
Health status,LTU,Lithuania,2008,From 25 to 44 years,70.7
Health status,LTU,Lithuania,2009,From 25 to 44 years,71
Health status,LTU,Lithuania,2010,From 25 to 44 years,75.4
Health status,LTU,Lithuania,2011,From 25 to 44 years,70.8
Health status,LTU,Lithuania,2012,From 25 to 44 years,72.5
Health status,LTU,Lithuania,2013,From 25 to 44 years,77.2
Health status,LTU,Lithuania,2014,From 25 to 44 years,75.7
Health status,LTU,Lithuania,2015,From 25 to 44 years,73.6
Health status,SWE,Sweden,1980,From 25 to 44 years,86.3
Health status,SWE,Sweden,1981,From 25 to 44 years,87.4
Health status,SWE,Sweden,1982,From 25 to 44 years,88.5
Health status,SWE,Sweden,1983,From 25 to 44 years,88
Health status,SWE,Sweden,1984,From 25 to 44 years,87.4
Health status,SWE,Sweden,1985,From 25 to 44 years,88.5
Health status,SWE,Sweden,1986,From 25 to 44 years,87.6
Health status,SWE,Sweden,1987,From 25 to 44 years,86.2
Health status,SWE,Sweden,1988,From 25 to 44 years,86.1
Health status,SWE,Sweden,1989,From 25 to 44 years,86.6
Health status,SWE,Sweden,1990,From 25 to 44 years,84.7
Health status,SWE,Sweden,1991,From 25 to 44 years,85.2
Health status,SWE,Sweden,1992,From 25 to 44 years,83
Health status,SWE,Sweden,1993,From 25 to 44 years,82.2
Health status,SWE,Sweden,1994,From 25 to 44 years,86.7
Health status,SWE,Sweden,1995,From 25 to 44 years,85.1
Health status,SWE,Sweden,1996,From 25 to 44 years,87.2
Health status,SWE,Sweden,1997,From 25 to 44 years,86.8
Health status,SWE,Sweden,1998,From 25 to 44 years,85.4
Health status,SWE,Sweden,1999,From 25 to 44 years,83.5
Health status,SWE,Sweden,2000,From 25 to 44 years,84.4
Health status,SWE,Sweden,2001,From 25 to 44 years,83
Health status,SWE,Sweden,2002,From 25 to 44 years,83.9
Health status,SWE,Sweden,2003,From 25 to 44 years,84
Health status,SWE,Sweden,2004,From 25 to 44 years,82.5
Health status,SWE,Sweden,2005,From 25 to 44 years,84.6
Health status,SWE,Sweden,2006,From 25 to 44 years,85
Health status,SWE,Sweden,2007,From 25 to 44 years,86.7
Health status,SWE,Sweden,2008,From 25 to 44 years,87.6
Health status,SWE,Sweden,2009,From 25 to 44 years,88.4
Health status,SWE,Sweden,2010,From 25 to 44 years,89
Health status,SWE,Sweden,2011,From 25 to 44 years,88.5
Health status,SWE,Sweden,2012,From 25 to 44 years,88.9
Health status,SWE,Sweden,2013,From 25 to 44 years,88.4
Health status,SWE,Sweden,2014,From 25 to 44 years,86.2
Health status,SWE,Sweden,2015,From 25 to 44 years,86.6
Health status,BEL,Belgium,1997,From 25 to 44 years,84.9
Health status,BEL,Belgium,2001,From 25 to 44 years,86.5
Health status,BEL,Belgium,2004,From 25 to 44 years,85
Health status,BEL,Belgium,2005,From 25 to 44 years,85.4
Health status,BEL,Belgium,2006,From 25 to 44 years,86.2
Health status,BEL,Belgium,2007,From 25 to 44 years,84.8
Health status,BEL,Belgium,2008,From 25 to 44 years,85
Health status,BEL,Belgium,2009,From 25 to 44 years,85.1
Health status,BEL,Belgium,2010,From 25 to 44 years,84.7
Health status,BEL,Belgium,2011,From 25 to 44 years,86
Health status,BEL,Belgium,2012,From 25 to 44 years,85.8
Health status,BEL,Belgium,2013,From 25 to 44 years,85
Health status,BEL,Belgium,2014,From 25 to 44 years,86
Health status,BEL,Belgium,2015,From 25 to 44 years,85.6
Health status,ROU,Romania,2008,From 15 to 24 years,96.8
Health status,ROU,Romania,2009,From 15 to 24 years,97.6
Health status,ROU,Romania,2010,From 15 to 24 years,97.6
Health status,ROU,Romania,2011,From 15 to 24 years,97.3
Health status,ROU,Romania,2012,From 15 to 24 years,96.3
Health status,ROU,Romania,2013,From 15 to 24 years,97.7
Health status,ROU,Romania,2014,From 15 to 24 years,97.7
Health status,ROU,Romania,2015,From 15 to 24 years,98.7
Health status,ROU,Romania,2016,From 15 to 24 years,98.5
Health status,ROU,Romania,2017,From 15 to 24 years,97.8
Health status,ROU,Romania,2018,From 15 to 24 years,98
Health status,ROU,Romania,2019,From 15 to 24 years,97.4
Health status,ROU,Romania,2020,From 15 to 24 years,97.8
Health status,ROU,Romania,2021,From 15 to 24 years,98.2
Health status,ROU,Romania,2022,From 15 to 24 years,98.4
Health status,ROU,Romania,2023,From 15 to 24 years,98.5
Health status,DEU,Germany,1998,From 25 to 44 years,77
Health status,DEU,Germany,2005,From 25 to 44 years,75.8
Health status,DEU,Germany,2006,From 25 to 44 years,75.8
Health status,DEU,Germany,2007,From 25 to 44 years,76
Health status,DEU,Germany,2008,From 25 to 44 years,80.5
Health status,DEU,Germany,2009,From 25 to 44 years,82
Health status,DEU,Germany,2010,From 25 to 44 years,82
Health status,DEU,Germany,2011,From 25 to 44 years,80.8
Health status,DEU,Germany,2012,From 25 to 44 years,81.4
Health status,DEU,Germany,2013,From 25 to 44 years,80.7
Health status,DEU,Germany,2014,From 25 to 44 years,81.4
Health status,DEU,Germany,2015,From 25 to 44 years,81
Health status,DNK,Denmark,2004,From 25 to 44 years,88.1
Health status,DNK,Denmark,2005,From 25 to 44 years,86
Health status,DNK,Denmark,2006,From 25 to 44 years,85.1
Health status,DNK,Denmark,2007,From 25 to 44 years,85.5
Health status,DNK,Denmark,2008,From 25 to 44 years,82.7
Health status,DNK,Denmark,2009,From 25 to 44 years,81.4
Health status,DNK,Denmark,2010,From 25 to 44 years,79.4
Health status,DNK,Denmark,2011,From 25 to 44 years,81
Health status,DNK,Denmark,2012,From 25 to 44 years,80.7
Health status,DNK,Denmark,2013,From 25 to 44 years,82.5
Health status,DNK,Denmark,2014,From 25 to 44 years,83.1
Health status,DNK,Denmark,2015,From 25 to 44 years,81.1
Health status,CRI,Costa Rica,2018,From 15 to 24 years,79.4
Health status,KOR,Korea,1986,From 15 to 24 years,63.9
Health status,KOR,Korea,1989,From 15 to 24 years,71.2
Health status,KOR,Korea,1992,From 15 to 24 years,59.9
Health status,KOR,Korea,1995,From 15 to 24 years,58.8
Health status,KOR,Korea,1999,From 15 to 24 years,59.2
Health status,KOR,Korea,2003,From 15 to 24 years,62.8
Health status,KOR,Korea,2006,From 15 to 24 years,65.7
Health status,KOR,Korea,2008,From 15 to 24 years,71
Health status,KOR,Korea,2010,From 15 to 24 years,69.1
Health status,KOR,Korea,2012,From 15 to 24 years,67.1
Health status,KOR,Korea,2014,From 15 to 24 years,70.2
Health status,KOR,Korea,2016,From 15 to 24 years,68.3
Health status,KOR,Korea,2018,From 15 to 24 years,70.1
Health status,KOR,Korea,2020,From 15 to 24 years,74
Health status,KOR,Korea,2022,From 15 to 24 years,75.4
Health status,MEX,Mexico,2000,From 25 to 44 years,56.5
Health status,MEX,Mexico,2001,From 25 to 44 years,73.1
Health status,MEX,Mexico,2002,From 25 to 44 years,71.4
Health status,MEX,Mexico,2005,From 25 to 44 years,69.6
Health status,MEX,Mexico,2006,From 25 to 44 years,69.4
Health status,GBR,United Kingdom,1991,From 15 to 24 years,84.4
Health status,GBR,United Kingdom,1992,From 15 to 24 years,86.1
Health status,GBR,United Kingdom,1993,From 15 to 24 years,85.1
Health status,GBR,United Kingdom,1994,From 15 to 24 years,84.8
Health status,GBR,United Kingdom,1995,From 15 to 24 years,86.4
Health status,GBR,United Kingdom,1996,From 15 to 24 years,86.7
Health status,GBR,United Kingdom,1997,From 15 to 24 years,85.4
Health status,GBR,United Kingdom,1998,From 15 to 24 years,84
Health status,GBR,United Kingdom,1999,From 15 to 24 years,87.2
Health status,GBR,United Kingdom,2000,From 15 to 24 years,86.7
Health status,GBR,United Kingdom,2001,From 15 to 24 years,86.4
Health status,GBR,United Kingdom,2002,From 15 to 24 years,86.8
Health status,GBR,United Kingdom,2003,From 15 to 24 years,87.6
Health status,GBR,United Kingdom,2004,From 15 to 24 years,88.9
Health status,GBR,United Kingdom,2005,From 15 to 24 years,90.4
Health status,GBR,United Kingdom,2006,From 15 to 24 years,89.9
Health status,GBR,United Kingdom,2007,From 15 to 24 years,91.7
Health status,GBR,United Kingdom,2008,From 15 to 24 years,93.9
Health status,GBR,United Kingdom,2009,From 15 to 24 years,93.8
Health status,GBR,United Kingdom,2010,From 15 to 24 years,93.3
Health status,GBR,United Kingdom,2011,From 15 to 24 years,93.1
Health status,GBR,United Kingdom,2012,From 15 to 24 years,90.6
Health status,GBR,United Kingdom,2013,From 15 to 24 years,91.5
Health status,GBR,United Kingdom,2014,From 15 to 24 years,89.2
Health status,GBR,United Kingdom,2015,From 15 to 24 years,87.6
Health status,GBR,United Kingdom,2016,From 15 to 24 years,86.4
Health status,GBR,United Kingdom,2017,From 15 to 24 years,88.6
Health status,GBR,United Kingdom,2018,From 15 to 24 years,87.5
Health status,GBR,United Kingdom,2019,From 15 to 24 years,87.8
Health status,MEX,Mexico,2000,From 15 to 24 years,64.7
Health status,MEX,Mexico,2001,From 15 to 24 years,79.6
Health status,MEX,Mexico,2002,From 15 to 24 years,79.3
Health status,MEX,Mexico,2005,From 15 to 24 years,78.7
Health status,MEX,Mexico,2006,From 15 to 24 years,78.4
Health status,ITA,Italy,1994,From 25 to 44 years,77.3
Health status,ITA,Italy,1999,From 25 to 44 years,73.4
Health status,ITA,Italy,2000,From 25 to 44 years,75.9
Health status,ITA,Italy,2001,From 25 to 44 years,78.1
Health status,ITA,Italy,2002,From 25 to 44 years,77.2
Health status,ITA,Italy,2003,From 25 to 44 years,77.7
Health status,ITA,Italy,2004,From 25 to 44 years,78.6
Health status,ITA,Italy,2005,From 25 to 44 years,79.8
Health status,ITA,Italy,2006,From 25 to 44 years,79
Health status,ITA,Italy,2007,From 25 to 44 years,84.9
Health status,ITA,Italy,2008,From 25 to 44 years,85.3
Health status,ITA,Italy,2009,From 25 to 44 years,85.6
Health status,ITA,Italy,2010,From 25 to 44 years,87.5
Health status,ITA,Italy,2011,From 25 to 44 years,85.3
Health status,ITA,Italy,2012,From 25 to 44 years,89
Health status,ITA,Italy,2013,From 25 to 44 years,86.6
Health status,ITA,Italy,2014,From 25 to 44 years,88.7
Health status,ITA,Italy,2015,From 25 to 44 years,87.2
Health status,DNK,Denmark,2004,From 15 to 24 years,93
Health status,DNK,Denmark,2005,From 15 to 24 years,91.5
Health status,DNK,Denmark,2006,From 15 to 24 years,90.3
Health status,DNK,Denmark,2007,From 15 to 24 years,90.7
Health status,DNK,Denmark,2008,From 15 to 24 years,88.6
Health status,DNK,Denmark,2009,From 15 to 24 years,88.6
Health status,DNK,Denmark,2010,From 15 to 24 years,83.3
Health status,DNK,Denmark,2011,From 15 to 24 years,84.7
Health status,DNK,Denmark,2012,From 15 to 24 years,87.5
Health status,DNK,Denmark,2013,From 15 to 24 years,87.7
Health status,DNK,Denmark,2014,From 15 to 24 years,88.3
Health status,DNK,Denmark,2015,From 15 to 24 years,87.6
Health status,DNK,Denmark,2016,From 15 to 24 years,85.3
Health status,DNK,Denmark,2017,From 15 to 24 years,86.4
Health status,DNK,Denmark,2018,From 15 to 24 years,84
Health status,DNK,Denmark,2019,From 15 to 24 years,85.6
Health status,DNK,Denmark,2020,From 15 to 24 years,86
Health status,DNK,Denmark,2021,From 15 to 24 years,82.1
Health status,DNK,Denmark,2022,From 15 to 24 years,71.4
Health status,DNK,Denmark,2023,From 15 to 24 years,74
Health status,POL,Poland,1996,From 25 to 44 years,57.3
Health status,POL,Poland,2001,From 25 to 44 years,64.3
Health status,POL,Poland,2004,From 25 to 44 years,74.2
Health status,POL,Poland,2005,From 25 to 44 years,76
Health status,POL,Poland,2006,From 25 to 44 years,76
Health status,POL,Poland,2007,From 25 to 44 years,79.6
Health status,POL,Poland,2008,From 25 to 44 years,80.7
Health status,POL,Poland,2009,From 25 to 44 years,80.6
Health status,POL,Poland,2010,From 25 to 44 years,82
Health status,POL,Poland,2011,From 25 to 44 years,82.4
Health status,POL,Poland,2012,From 25 to 44 years,81.8
Health status,POL,Poland,2013,From 25 to 44 years,83.6
Health status,POL,Poland,2014,From 25 to 44 years,83.9
Health status,POL,Poland,2015,From 25 to 44 years,83.5
Health status,SVK,Slovak Republic,2005,From 15 to 24 years,89.5
Health status,SVK,Slovak Republic,2006,From 15 to 24 years,89.9
Health status,SVK,Slovak Republic,2007,From 15 to 24 years,91.2
Health status,SVK,Slovak Republic,2008,From 15 to 24 years,93.7
Health status,SVK,Slovak Republic,2009,From 15 to 24 years,92.9
Health status,SVK,Slovak Republic,2010,From 15 to 24 years,95.2
Health status,SVK,Slovak Republic,2011,From 15 to 24 years,94.2
Health status,SVK,Slovak Republic,2012,From 15 to 24 years,95.1
Health status,SVK,Slovak Republic,2013,From 15 to 24 years,95.2
Health status,SVK,Slovak Republic,2014,From 15 to 24 years,95.3
Health status,SVK,Slovak Republic,2015,From 15 to 24 years,95
Health status,SVK,Slovak Republic,2016,From 15 to 24 years,94.9
Health status,SVK,Slovak Republic,2017,From 15 to 24 years,95.2
Health status,SVK,Slovak Republic,2018,From 15 to 24 years,95
Health status,SVK,Slovak Republic,2019,From 15 to 24 years,94.3
Health status,SVK,Slovak Republic,2020,From 15 to 24 years,95.2
Health status,SVK,Slovak Republic,2021,From 15 to 24 years,95.6
Health status,SVK,Slovak Republic,2022,From 15 to 24 years,97.2
Health status,SVK,Slovak Republic,2023,From 15 to 24 years,96.6
Health status,BEL,Belgium,1997,From 15 to 24 years,91.1
Health status,BEL,Belgium,2001,From 15 to 24 years,91.9
Health status,BEL,Belgium,2004,From 15 to 24 years,93.9
Health status,BEL,Belgium,2005,From 15 to 24 years,92.5
Health status,BEL,Belgium,2006,From 15 to 24 years,93.4
Health status,BEL,Belgium,2007,From 15 to 24 years,92.7
Health status,BEL,Belgium,2008,From 15 to 24 years,93.1
Health status,BEL,Belgium,2009,From 15 to 24 years,94.1
Health status,BEL,Belgium,2010,From 15 to 24 years,93.6
Health status,BEL,Belgium,2011,From 15 to 24 years,93
Health status,BEL,Belgium,2012,From 15 to 24 years,93.8
Health status,BEL,Belgium,2013,From 15 to 24 years,93.2
Health status,BEL,Belgium,2014,From 15 to 24 years,93.3
Health status,BEL,Belgium,2015,From 15 to 24 years,93.7
Health status,BEL,Belgium,2016,From 15 to 24 years,93.7
Health status,BEL,Belgium,2017,From 15 to 24 years,92.9
Health status,BEL,Belgium,2018,From 15 to 24 years,93.1
Health status,BEL,Belgium,2019,From 15 to 24 years,92.9
Health status,BEL,Belgium,2020,From 15 to 24 years,93.9
Health status,BEL,Belgium,2021,From 15 to 24 years,93.8
Health status,BEL,Belgium,2022,From 15 to 24 years,93.9
Health status,BEL,Belgium,2023,From 15 to 24 years,93.5
Health status,USA,United States,1982,From 25 to 44 years,93
Health status,USA,United States,1983,From 25 to 44 years,93
Health status,USA,United States,1984,From 25 to 44 years,93
Health status,USA,United States,1985,From 25 to 44 years,93.7
Health status,USA,United States,1986,From 25 to 44 years,93.6
Health status,USA,United States,1987,From 25 to 44 years,93.8
Health status,USA,United States,1988,From 25 to 44 years,93.7
Health status,USA,United States,1989,From 25 to 44 years,93.6
Health status,USA,United States,1990,From 25 to 44 years,93.5
Health status,USA,United States,1991,From 25 to 44 years,93.3
Health status,USA,United States,1992,From 25 to 44 years,92.5
Health status,USA,United States,1993,From 25 to 44 years,92.3
Health status,USA,United States,1994,From 25 to 44 years,92
Health status,USA,United States,1995,From 25 to 44 years,92
Health status,USA,United States,1996,From 25 to 44 years,91.8
Health status,USA,United States,1997,From 25 to 44 years,93.7
Health status,USA,United States,1998,From 25 to 44 years,93.6
Health status,USA,United States,1999,From 25 to 44 years,94
Health status,USA,United States,2000,From 25 to 44 years,94.3
Health status,USA,United States,2001,From 25 to 44 years,94
Health status,USA,United States,2002,From 25 to 44 years,93.8
Health status,USA,United States,2003,From 25 to 44 years,93.7
Health status,USA,United States,2004,From 25 to 44 years,93.6
Health status,USA,United States,2005,From 25 to 44 years,93.7
Health status,USA,United States,2006,From 25 to 44 years,93.7
Health status,USA,United States,2007,From 25 to 44 years,93.2
Health status,USA,United States,2008,From 25 to 44 years,92.8
Health status,USA,United States,2009,From 25 to 44 years,92.8
Health status,USA,United States,2010,From 25 to 44 years,92.8
Health status,USA,United States,2011,From 25 to 44 years,92.7
Health status,USA,United States,2012,From 25 to 44 years,92.6
Health status,USA,United States,2013,From 25 to 44 years,92.8
Health status,USA,United States,2014,From 25 to 44 years,93
Health status,USA,United States,2015,From 25 to 44 years,92.8
Health status,USA,United States,2016,From 25 to 44 years,93.1
Health status,USA,United States,2017,From 25 to 44 years,93.4
Health status,USA,United States,2018,From 25 to 44 years,93.1
Health status,USA,United States,2019,From 25 to 44 years,90.9
Health status,USA,United States,2020,From 25 to 44 years,91.4
Health status,USA,United States,2021,From 25 to 44 years,92.2
Health status,ESP,Spain,1987,From 15 to 24 years,86.3
Health status,ESP,Spain,1993,From 15 to 24 years,85.5
Health status,ESP,Spain,1995,From 15 to 24 years,84
Health status,ESP,Spain,1997,From 15 to 24 years,85.1
Health status,ESP,Spain,2001,From 15 to 24 years,87.5
Health status,ESP,Spain,2003,From 15 to 24 years,86.9
Health status,ESP,Spain,2004,From 15 to 24 years,93.3
Health status,ESP,Spain,2005,From 15 to 24 years,94.1
Health status,ESP,Spain,2006,From 15 to 24 years,93.8
Health status,ESP,Spain,2007,From 15 to 24 years,93.8
Health status,ESP,Spain,2008,From 15 to 24 years,94.3
Health status,ESP,Spain,2009,From 15 to 24 years,93.2
Health status,ESP,Spain,2010,From 15 to 24 years,94.8
Health status,ESP,Spain,2011,From 15 to 24 years,96.5
Health status,ESP,Spain,2012,From 15 to 24 years,96.7
Health status,ESP,Spain,2013,From 15 to 24 years,94.7
Health status,ESP,Spain,2014,From 15 to 24 years,95.6
Health status,ESP,Spain,2015,From 15 to 24 years,95.2
Health status,ESP,Spain,2016,From 15 to 24 years,95.1
Health status,ESP,Spain,2017,From 15 to 24 years,96.4
Health status,ESP,Spain,2018,From 15 to 24 years,95.7
Health status,ESP,Spain,2019,From 15 to 24 years,96.4
Health status,ESP,Spain,2020,From 15 to 24 years,95.6
Health status,ESP,Spain,2021,From 15 to 24 years,92.3
Health status,ESP,Spain,2022,From 15 to 24 years,93.1
Health status,ESP,Spain,2023,From 15 to 24 years,92.7
Health status,LVA,Latvia,2005,From 25 to 44 years,52
Health status,LVA,Latvia,2006,From 25 to 44 years,59.4
Health status,LVA,Latvia,2007,From 25 to 44 years,63.8
Health status,LVA,Latvia,2008,From 25 to 44 years,63.3
Health status,LVA,Latvia,2009,From 25 to 44 years,65.8
Health status,LVA,Latvia,2010,From 25 to 44 years,68.8
Health status,LVA,Latvia,2011,From 25 to 44 years,68.1
Health status,LVA,Latvia,2012,From 25 to 44 years,70.3
Health status,LVA,Latvia,2013,From 25 to 44 years,70.2
Health status,LVA,Latvia,2014,From 25 to 44 years,72.7
Health status,LVA,Latvia,2015,From 25 to 44 years,71.9
Health status,COL,Colombia,2018,From 25 to 44 years,86.9
Health status,COL,Colombia,2019,From 25 to 44 years,87.2
Health status,BGR,Bulgaria,2008,From 25 to 44 years,84.2
Health status,BGR,Bulgaria,2009,From 25 to 44 years,89.9
Health status,BGR,Bulgaria,2010,From 25 to 44 years,91
Health status,BGR,Bulgaria,2011,From 25 to 44 years,91.1
Health status,BGR,Bulgaria,2012,From 25 to 44 years,91
Health status,BGR,Bulgaria,2013,From 25 to 44 years,89.5
Health status,BGR,Bulgaria,2014,From 25 to 44 years,90.7
Health status,BGR,Bulgaria,2015,From 25 to 44 years,91.1
Health status,FRA,France,2004,From 15 to 24 years,92.2
Health status,FRA,France,2005,From 15 to 24 years,93.2
Health status,FRA,France,2006,From 15 to 24 years,93.9
Health status,FRA,France,2007,From 15 to 24 years,93.8
Health status,FRA,France,2008,From 15 to 24 years,92.9
Health status,FRA,France,2009,From 15 to 24 years,92.4
Health status,FRA,France,2010,From 15 to 24 years,91.2
Health status,FRA,France,2011,From 15 to 24 years,91.2
Health status,FRA,France,2012,From 15 to 24 years,92
Health status,FRA,France,2013,From 15 to 24 years,90
Health status,FRA,France,2014,From 15 to 24 years,90.5
Health status,FRA,France,2015,From 15 to 24 years,90.2
Health status,FRA,France,2016,From 15 to 24 years,89.8
Health status,FRA,France,2017,From 15 to 24 years,91.1
Health status,FRA,France,2018,From 15 to 24 years,90.3
Health status,FRA,France,2019,From 15 to 24 years,89.5
Health status,FRA,France,2020,From 15 to 24 years,92.8
Health status,FRA,France,2021,From 15 to 24 years,91.7
Health status,FRA,France,2022,From 15 to 24 years,89.8
Health status,FRA,France,2023,From 15 to 24 years,89.3
Health status,TUR,Türkiye,2003,From 25 to 44 years,59
Health status,TUR,Türkiye,2006,From 25 to 44 years,70.4
Health status,TUR,Türkiye,2007,From 25 to 44 years,74.2
Health status,TUR,Türkiye,2008,From 25 to 44 years,76.9
Health status,TUR,Türkiye,2009,From 25 to 44 years,74.4
Health status,TUR,Türkiye,2010,From 25 to 44 years,76
Health status,TUR,Türkiye,2011,From 25 to 44 years,77.4
Health status,TUR,Türkiye,2012,From 25 to 44 years,79.6
Health status,TUR,Türkiye,2013,From 25 to 44 years,78.5
Health status,TUR,Türkiye,2014,From 25 to 44 years,79.8
Health status,TUR,Türkiye,2015,From 25 to 44 years,77.8
Health status,TUR,Türkiye,2016,From 25 to 44 years,81.1
Health status,TUR,Türkiye,2017,From 25 to 44 years,81.5
Health status,TUR,Türkiye,2018,From 25 to 44 years,80.1
Health status,TUR,Türkiye,2019,From 25 to 44 years,79.5
Health status,TUR,Türkiye,2020,From 25 to 44 years,83.2
Health status,TUR,Türkiye,2021,From 25 to 44 years,80.8
Health status,TUR,Türkiye,2022,From 25 to 44 years,80.3
Health status,NLD,Netherlands,1983,From 15 to 24 years,93.8
Health status,NLD,Netherlands,1984,From 15 to 24 years,92.9
Health status,NLD,Netherlands,1985,From 15 to 24 years,92.5
Health status,NLD,Netherlands,1986,From 15 to 24 years,93
Health status,NLD,Netherlands,1987,From 15 to 24 years,92.8
Health status,NLD,Netherlands,1988,From 15 to 24 years,91.5
Health status,NLD,Netherlands,1989,From 15 to 24 years,91.5
Health status,NLD,Netherlands,1990,From 15 to 24 years,92.1
Health status,NLD,Netherlands,1991,From 15 to 24 years,92.1
Health status,NLD,Netherlands,1992,From 15 to 24 years,91.7
Health status,NLD,Netherlands,1993,From 15 to 24 years,91.3
Health status,NLD,Netherlands,1994,From 15 to 24 years,89.9
Health status,NLD,Netherlands,1995,From 15 to 24 years,91.2
Health status,NLD,Netherlands,1996,From 15 to 24 years,91.8
Health status,NLD,Netherlands,1997,From 15 to 24 years,90.3
Health status,NLD,Netherlands,1998,From 15 to 24 years,88.4
Health status,NLD,Netherlands,1999,From 15 to 24 years,88.9
Health status,NLD,Netherlands,2000,From 15 to 24 years,88.9
Health status,NLD,Netherlands,2001,From 15 to 24 years,90.1
Health status,NLD,Netherlands,2002,From 15 to 24 years,88.5
Health status,NLD,Netherlands,2003,From 15 to 24 years,88.8
Health status,NLD,Netherlands,2004,From 15 to 24 years,88.6
Health status,NLD,Netherlands,2005,From 15 to 24 years,91.9
Health status,NLD,Netherlands,2006,From 15 to 24 years,92.7
Health status,NLD,Netherlands,2007,From 15 to 24 years,90.6
Health status,NLD,Netherlands,2008,From 15 to 24 years,90.8
Health status,NLD,Netherlands,2009,From 15 to 24 years,91.9
Health status,NLD,Netherlands,2010,From 15 to 24 years,93.5
Health status,NLD,Netherlands,2011,From 15 to 24 years,91.4
Health status,NLD,Netherlands,2012,From 15 to 24 years,93.5
Health status,NLD,Netherlands,2013,From 15 to 24 years,89.4
Health status,NLD,Netherlands,2014,From 15 to 24 years,92.1
Health status,NLD,Netherlands,2015,From 15 to 24 years,89.6
Health status,NLD,Netherlands,2016,From 15 to 24 years,90.9
Health status,NLD,Netherlands,2017,From 15 to 24 years,87.5
Health status,NLD,Netherlands,2018,From 15 to 24 years,88.6
Health status,NLD,Netherlands,2019,From 15 to 24 years,87.3
Health status,NLD,Netherlands,2020,From 15 to 24 years,90.2
Health status,NLD,Netherlands,2021,From 15 to 24 years,84.9
Health status,NLD,Netherlands,2022,From 15 to 24 years,82.3
Health status,NLD,Netherlands,2023,From 15 to 24 years,78.8
Health status,IRL,Ireland,1998,From 15 to 24 years,94.8
Health status,IRL,Ireland,2002,From 15 to 24 years,93.4
Health status,IRL,Ireland,2004,From 15 to 24 years,96
Health status,IRL,Ireland,2005,From 15 to 24 years,95.4
Health status,IRL,Ireland,2006,From 15 to 24 years,95.1
Health status,IRL,Ireland,2007,From 15 to 24 years,95.1
Health status,IRL,Ireland,2008,From 15 to 24 years,95.3
Health status,IRL,Ireland,2009,From 15 to 24 years,95
Health status,IRL,Ireland,2010,From 15 to 24 years,95.1
Health status,IRL,Ireland,2011,From 15 to 24 years,96.1
Health status,IRL,Ireland,2012,From 15 to 24 years,95.8
Health status,IRL,Ireland,2013,From 15 to 24 years,95
Health status,IRL,Ireland,2014,From 15 to 24 years,94.6
Health status,IRL,Ireland,2015,From 15 to 24 years,94.9
Health status,IRL,Ireland,2016,From 15 to 24 years,95.3
Health status,IRL,Ireland,2017,From 15 to 24 years,95.7
Health status,IRL,Ireland,2018,From 15 to 24 years,95.2
Health status,IRL,Ireland,2019,From 15 to 24 years,95.3
Health status,IRL,Ireland,2020,From 15 to 24 years,94.3
Health status,IRL,Ireland,2021,From 15 to 24 years,91.7
Health status,IRL,Ireland,2022,From 15 to 24 years,93.1
Health status,IRL,Ireland,2023,From 15 to 24 years,92.5
Health status,NZL,New Zealand,1997,From 15 to 24 years,89.6
Health status,NZL,New Zealand,2003,From 15 to 24 years,90.9
Health status,NZL,New Zealand,2007,From 15 to 24 years,92.1
Health status,NZL,New Zealand,2012,From 15 to 24 years,93.1
Health status,NZL,New Zealand,2013,From 15 to 24 years,92.1
Health status,NZL,New Zealand,2014,From 15 to 24 years,93.7
Health status,NZL,New Zealand,2015,From 15 to 24 years,92.5
Health status,NZL,New Zealand,2016,From 15 to 24 years,89.9
Health status,NZL,New Zealand,2017,From 15 to 24 years,89.4
Health status,NZL,New Zealand,2018,From 15 to 24 years,89.9
Health status,NZL,New Zealand,2019,From 15 to 24 years,85.2
Health status,NZL,New Zealand,2020,From 15 to 24 years,90.5
Health status,NZL,New Zealand,2021,From 15 to 24 years,92.3
Health status,NZL,New Zealand,2022,From 15 to 24 years,91.3
Health status,CRI,Costa Rica,2018,From 25 to 44 years,74.3
Health status,CAN,Canada,1994,From 25 to 44 years,94.2
Health status,CAN,Canada,1996,From 25 to 44 years,94
Health status,CAN,Canada,1998,From 25 to 44 years,93.9
Health status,CAN,Canada,2001,From 25 to 44 years,93.2
Health status,CAN,Canada,2003,From 25 to 44 years,93.8
Health status,CAN,Canada,2005,From 25 to 44 years,93.6
Health status,CAN,Canada,2007,From 25 to 44 years,93.5
Health status,CAN,Canada,2008,From 25 to 44 years,93.4
Health status,CAN,Canada,2009,From 25 to 44 years,93.7
Health status,CAN,Canada,2010,From 25 to 44 years,93.5
Health status,CAN,Canada,2011,From 25 to 44 years,93
Health status,CAN,Canada,2012,From 25 to 44 years,93.3
Health status,CAN,Canada,2013,From 25 to 44 years,93.4
Health status,CAN,Canada,2014,From 25 to 44 years,92.8
Health status,CAN,Canada,2015,From 25 to 44 years,93.2
Health status,CAN,Canada,2016,From 25 to 44 years,93.5
Health status,CAN,Canada,2017,From 25 to 44 years,93.3
Health status,CAN,Canada,2018,From 25 to 44 years,92.9
Health status,CAN,Canada,2019,From 25 to 44 years,92.8
Health status,CAN,Canada,2020,From 25 to 44 years,92.7
Health status,CAN,Canada,2021,From 25 to 44 years,92.1
Health status,CAN,Canada,2022,From 25 to 44 years,90
Health status,POL,Poland,1996,From 15 to 24 years,81.6
Health status,POL,Poland,2001,From 15 to 24 years,86.5
Health status,POL,Poland,2004,From 15 to 24 years,87.4
Health status,POL,Poland,2005,From 15 to 24 years,91.1
Health status,POL,Poland,2006,From 15 to 24 years,91.3
Health status,POL,Poland,2007,From 15 to 24 years,92.1
Health status,POL,Poland,2008,From 15 to 24 years,92.6
Health status,POL,Poland,2009,From 15 to 24 years,92.2
Health status,POL,Poland,2010,From 15 to 24 years,93.1
Health status,POL,Poland,2011,From 15 to 24 years,92.9
Health status,POL,Poland,2012,From 15 to 24 years,93
Health status,POL,Poland,2013,From 15 to 24 years,93.6
Health status,POL,Poland,2014,From 15 to 24 years,93.2
Health status,POL,Poland,2015,From 15 to 24 years,93.8
Health status,POL,Poland,2016,From 15 to 24 years,92.7
Health status,POL,Poland,2017,From 15 to 24 years,90.9
Health status,POL,Poland,2018,From 15 to 24 years,91.6
Health status,POL,Poland,2019,From 15 to 24 years,92.2
Health status,POL,Poland,2020,From 15 to 24 years,93.7
Health status,POL,Poland,2021,From 15 to 24 years,94.2
Health status,POL,Poland,2022,From 15 to 24 years,92.3
Health status,POL,Poland,2023,From 15 to 24 years,92.2
Health status,CHL,Chile,2000,From 15 to 24 years,71.3
Health status,CHL,Chile,2006,From 15 to 24 years,70
Health status,CHL,Chile,2009,From 15 to 24 years,74.7
Health status,CHL,Chile,2013,From 15 to 24 years,79.7
Health status,CHL,Chile,2015,From 15 to 24 years,79.5
Health status,CHL,Chile,2017,From 15 to 24 years,81.5
Health status,CHL,Chile,2021,From 15 to 24 years,61.4
Health status,DEU,Germany,1998,From 15 to 24 years,82.3
Health status,DEU,Germany,2003,From 15 to 24 years,88.5
Health status,DEU,Germany,2005,From 15 to 24 years,89.8
Health status,DEU,Germany,2006,From 15 to 24 years,90.7
Health status,DEU,Germany,2007,From 15 to 24 years,89.1
Health status,DEU,Germany,2008,From 15 to 24 years,92.5
Health status,DEU,Germany,2009,From 15 to 24 years,90.6
Health status,DEU,Germany,2010,From 15 to 24 years,91.4
Health status,DEU,Germany,2011,From 15 to 24 years,91.2
Health status,DEU,Germany,2012,From 15 to 24 years,92.3
Health status,DEU,Germany,2013,From 15 to 24 years,91.6
Health status,DEU,Germany,2014,From 15 to 24 years,92.1
Health status,DEU,Germany,2015,From 15 to 24 years,91
Health status,DEU,Germany,2016,From 15 to 24 years,91.6
Health status,DEU,Germany,2017,From 15 to 24 years,91.8
Health status,DEU,Germany,2018,From 15 to 24 years,89.3
Health status,DEU,Germany,2019,From 15 to 24 years,91.6
Health status,DEU,Germany,2020,From 15 to 24 years,90.4
Health status,DEU,Germany,2021,From 15 to 24 years,89.9
Health status,DEU,Germany,2022,From 15 to 24 years,89.1
Health status,DEU,Germany,2023,From 15 to 24 years,89.8
Health status,ESP,Spain,1987,From 25 to 44 years,79.5
Health status,ESP,Spain,1993,From 25 to 44 years,80.3
Health status,ESP,Spain,1995,From 25 to 44 years,78.8
Health status,ESP,Spain,1997,From 25 to 44 years,80.8
Health status,ESP,Spain,2001,From 25 to 44 years,81.8
Health status,ESP,Spain,2003,From 25 to 44 years,80.8
Health status,ESP,Spain,2004,From 25 to 44 years,80.7
Health status,ESP,Spain,2005,From 25 to 44 years,83.2
Health status,ESP,Spain,2006,From 25 to 44 years,83.4
Health status,ESP,Spain,2007,From 25 to 44 years,83.6
Health status,ESP,Spain,2008,From 25 to 44 years,87.4
Health status,ESP,Spain,2009,From 25 to 44 years,85.3
Health status,ESP,Spain,2010,From 25 to 44 years,87.5
Health status,ESP,Spain,2011,From 25 to 44 years,90.5
Health status,ESP,Spain,2012,From 25 to 44 years,90.4
Health status,ESP,Spain,2013,From 25 to 44 years,87.9
Health status,ESP,Spain,2014,From 25 to 44 years,88.3
Health status,ESP,Spain,2015,From 25 to 44 years,88.5
Health status,TUR,Türkiye,2003,From 15 to 24 years,72
Health status,TUR,Türkiye,2006,From 15 to 24 years,87.9
Health status,TUR,Türkiye,2007,From 15 to 24 years,91.2
Health status,TUR,Türkiye,2008,From 15 to 24 years,92
Health status,TUR,Türkiye,2009,From 15 to 24 years,90.5
Health status,TUR,Türkiye,2010,From 15 to 24 years,90.9
Health status,TUR,Türkiye,2011,From 15 to 24 years,91.7
Health status,TUR,Türkiye,2012,From 15 to 24 years,92
Health status,TUR,Türkiye,2013,From 15 to 24 years,91.3
Health status,TUR,Türkiye,2014,From 15 to 24 years,91.9
Health status,TUR,Türkiye,2015,From 15 to 24 years,91.1
Health status,TUR,Türkiye,2016,From 15 to 24 years,92.3
Health status,TUR,Türkiye,2017,From 15 to 24 years,92.1
Health status,TUR,Türkiye,2018,From 15 to 24 years,91.8
Health status,TUR,Türkiye,2019,From 15 to 24 years,91.6
Health status,TUR,Türkiye,2020,From 15 to 24 years,93.2
Health status,TUR,Türkiye,2021,From 15 to 24 years,91.4
Health status,TUR,Türkiye,2022,From 15 to 24 years,90.6
Health status,CHE,Switzerland,1992,From 25 to 44 years,89.5
Health status,CHE,Switzerland,1997,From 25 to 44 years,87.9
Health status,CHE,Switzerland,2002,From 25 to 44 years,90.6
Health status,CHE,Switzerland,2007,From 25 to 44 years,91.3
Health status,CHE,Switzerland,2008,From 25 to 44 years,89.4
Health status,CHE,Switzerland,2009,From 25 to 44 years,88.6
Health status,CHE,Switzerland,2010,From 25 to 44 years,90
Health status,CHE,Switzerland,2011,From 25 to 44 years,89.1
Health status,CHE,Switzerland,2012,From 25 to 44 years,89.8
Health status,CHE,Switzerland,2013,From 25 to 44 years,88.3
Health status,CHE,Switzerland,2014,From 25 to 44 years,87.4
Health status,CHE,Switzerland,2015,From 25 to 44 years,87.9
Health status,SWE,Sweden,1980,From 15 to 24 years,91.4
Health status,SWE,Sweden,1981,From 15 to 24 years,89.8
Health status,SWE,Sweden,1982,From 15 to 24 years,91.9
Health status,SWE,Sweden,1983,From 15 to 24 years,93.3
Health status,SWE,Sweden,1984,From 15 to 24 years,92.5
Health status,SWE,Sweden,1985,From 15 to 24 years,91.8
Health status,SWE,Sweden,1986,From 15 to 24 years,92.3
Health status,SWE,Sweden,1987,From 15 to 24 years,92.8
Health status,SWE,Sweden,1988,From 15 to 24 years,90.3
Health status,SWE,Sweden,1989,From 15 to 24 years,92.3
Health status,SWE,Sweden,1990,From 15 to 24 years,89
Health status,SWE,Sweden,1991,From 15 to 24 years,89.2
Health status,SWE,Sweden,1992,From 15 to 24 years,86.6
Health status,SWE,Sweden,1993,From 15 to 24 years,86.7
Health status,SWE,Sweden,1994,From 15 to 24 years,89
Health status,SWE,Sweden,1995,From 15 to 24 years,87.9
Health status,SWE,Sweden,1996,From 15 to 24 years,90
Health status,SWE,Sweden,1997,From 15 to 24 years,88.9
Health status,SWE,Sweden,1998,From 15 to 24 years,88.7
Health status,SWE,Sweden,1999,From 15 to 24 years,88.8
Health status,SWE,Sweden,2000,From 15 to 24 years,88.3
Health status,SWE,Sweden,2001,From 15 to 24 years,87.6
Health status,SWE,Sweden,2002,From 15 to 24 years,87.8
Health status,SWE,Sweden,2003,From 15 to 24 years,90.8
Health status,SWE,Sweden,2004,From 15 to 24 years,86.4
Health status,SWE,Sweden,2005,From 15 to 24 years,88.7
Health status,SWE,Sweden,2006,From 15 to 24 years,90.1
Health status,SWE,Sweden,2007,From 15 to 24 years,91.5
Health status,SWE,Sweden,2008,From 15 to 24 years,90.9
Health status,SWE,Sweden,2009,From 15 to 24 years,91.6
Health status,SWE,Sweden,2010,From 15 to 24 years,90.8
Health status,SWE,Sweden,2011,From 15 to 24 years,91.9
Health status,SWE,Sweden,2012,From 15 to 24 years,90.7
Health status,SWE,Sweden,2013,From 15 to 24 years,89.4
Health status,SWE,Sweden,2014,From 15 to 24 years,89
Health status,SWE,Sweden,2015,From 15 to 24 years,87.4
Health status,SWE,Sweden,2016,From 15 to 24 years,86.7
Health status,SWE,Sweden,2017,From 15 to 24 years,86.9
Health status,SWE,Sweden,2018,From 15 to 24 years,86
Health status,SWE,Sweden,2019,From 15 to 24 years,85.4
Health status,SWE,Sweden,2020,From 15 to 24 years,86.7
Health status,SWE,Sweden,2021,From 15 to 24 years,82.9
Health status,SWE,Sweden,2022,From 15 to 24 years,75.7
Health status,SWE,Sweden,2023,From 15 to 24 years,75.7
Health status,CZE,Czechia,1993,From 25 to 44 years,52.8
Health status,CZE,Czechia,1996,From 25 to 44 years,59.7
Health status,CZE,Czechia,1999,From 25 to 44 years,64.2
Health status,CZE,Czechia,2002,From 25 to 44 years,78.8
Health status,CZE,Czechia,2005,From 25 to 44 years,83
Health status,CZE,Czechia,2006,From 25 to 44 years,81.9
Health status,CZE,Czechia,2007,From 25 to 44 years,84.4
Health status,CZE,Czechia,2008,From 25 to 44 years,85.9
Health status,CZE,Czechia,2009,From 25 to 44 years,84.5
Health status,CZE,Czechia,2010,From 25 to 44 years,86.6
Health status,CZE,Czechia,2011,From 25 to 44 years,84.7
Health status,CZE,Czechia,2012,From 25 to 44 years,85.6
Health status,CZE,Czechia,2013,From 25 to 44 years,86.1
Health status,CZE,Czechia,2014,From 25 to 44 years,86.8
Health status,CZE,Czechia,2015,From 25 to 44 years,86.8
Health status,GRC,Greece,2003,From 15 to 24 years,98.3
Health status,GRC,Greece,2004,From 15 to 24 years,98.7
Health status,GRC,Greece,2005,From 15 to 24 years,98.7
Health status,GRC,Greece,2006,From 15 to 24 years,98.1
Health status,GRC,Greece,2007,From 15 to 24 years,98.3
Health status,GRC,Greece,2008,From 15 to 24 years,98.2
Health status,GRC,Greece,2009,From 15 to 24 years,98.6
Health status,GRC,Greece,2010,From 15 to 24 years,98.4
Health status,GRC,Greece,2011,From 15 to 24 years,98.5
Health status,GRC,Greece,2012,From 15 to 24 years,98.6
Health status,GRC,Greece,2013,From 15 to 24 years,98.7
Health status,GRC,Greece,2014,From 15 to 24 years,97.6
Health status,GRC,Greece,2015,From 15 to 24 years,98.2
Health status,GRC,Greece,2016,From 15 to 24 years,97.9
Health status,GRC,Greece,2017,From 15 to 24 years,98
Health status,GRC,Greece,2018,From 15 to 24 years,97.7
Health status,GRC,Greece,2019,From 15 to 24 years,98
Health status,GRC,Greece,2020,From 15 to 24 years,97.7
Health status,GRC,Greece,2021,From 15 to 24 years,98
Health status,GRC,Greece,2022,From 15 to 24 years,98
Health status,GRC,Greece,2023,From 15 to 24 years,97.9
Health status,USA,United States,1982,From 15 to 24 years,95.7
Health status,USA,United States,1983,From 15 to 24 years,95.8
Health status,USA,United States,1984,From 15 to 24 years,95.7
Health status,USA,United States,1985,From 15 to 24 years,96.3
Health status,USA,United States,1986,From 15 to 24 years,96.5
Health status,USA,United States,1987,From 15 to 24 years,96.2
Health status,USA,United States,1988,From 15 to 24 years,96
Health status,USA,United States,1989,From 15 to 24 years,96
Health status,USA,United States,1990,From 15 to 24 years,96.3
Health status,USA,United States,1991,From 15 to 24 years,95.9
Health status,USA,United States,1992,From 15 to 24 years,95.8
Health status,USA,United States,1993,From 15 to 24 years,95.9
Health status,USA,United States,1994,From 15 to 24 years,95.5
Health status,USA,United States,1995,From 15 to 24 years,95.4
Health status,USA,United States,1996,From 15 to 24 years,95.5
Health status,USA,United States,1997,From 15 to 24 years,96
Health status,USA,United States,1998,From 15 to 24 years,95.8
Health status,USA,United States,1999,From 15 to 24 years,96.2
Health status,USA,United States,2000,From 15 to 24 years,96.8
Health status,USA,United States,2001,From 15 to 24 years,96.7
Health status,USA,United States,2002,From 15 to 24 years,96.4
Health status,USA,United States,2003,From 15 to 24 years,96.2
Health status,USA,United States,2004,From 15 to 24 years,96.4
Health status,USA,United States,2005,From 15 to 24 years,96.7
Health status,USA,United States,2006,From 15 to 24 years,96.3
Health status,USA,United States,2007,From 15 to 24 years,96.7
Health status,USA,United States,2008,From 15 to 24 years,96
Health status,USA,United States,2009,From 15 to 24 years,96.4
Health status,USA,United States,2010,From 15 to 24 years,96.1
Health status,USA,United States,2011,From 15 to 24 years,95.8
Health status,USA,United States,2012,From 15 to 24 years,96.2
Health status,USA,United States,2013,From 15 to 24 years,96.4
Health status,USA,United States,2014,From 15 to 24 years,96.3
Health status,USA,United States,2015,From 15 to 24 years,96.2
Health status,USA,United States,2016,From 15 to 24 years,96.1
Health status,USA,United States,2017,From 15 to 24 years,95.9
Health status,USA,United States,2018,From 15 to 24 years,96.1
Health status,USA,United States,2019,From 15 to 24 years,93.5
Health status,USA,United States,2020,From 15 to 24 years,96.3
Health status,USA,United States,2021,From 15 to 24 years,95.9
Health status,NZL,New Zealand,1997,From 25 to 44 years,90.8
Health status,NZL,New Zealand,2003,From 25 to 44 years,91.6
Health status,NZL,New Zealand,2007,From 25 to 44 years,91.2
Health status,NZL,New Zealand,2012,From 25 to 44 years,90.2
Health status,NZL,New Zealand,2013,From 25 to 44 years,90.2
Health status,NZL,New Zealand,2014,From 25 to 44 years,93.1
Health status,NZL,New Zealand,2015,From 25 to 44 years,90.1
Health status,NZL,New Zealand,2016,From 25 to 44 years,87.9
Health status,NZL,New Zealand,2017,From 25 to 44 years,89.2
Health status,NZL,New Zealand,2018,From 25 to 44 years,87.3
Health status,NZL,New Zealand,2019,From 25 to 44 years,87.2
Health status,NZL,New Zealand,2020,From 25 to 44 years,87.3
Health status,NZL,New Zealand,2021,From 25 to 44 years,88.8
Health status,NZL,New Zealand,2022,From 25 to 44 years,88.4
Health status,LVA,Latvia,2005,From 15 to 24 years,72.1
Health status,LVA,Latvia,2006,From 15 to 24 years,79.7
Health status,LVA,Latvia,2007,From 15 to 24 years,82.7
Health status,LVA,Latvia,2008,From 15 to 24 years,82.1
Health status,LVA,Latvia,2009,From 15 to 24 years,82.9
Health status,LVA,Latvia,2010,From 15 to 24 years,86
Health status,LVA,Latvia,2011,From 15 to 24 years,86.4
Health status,LVA,Latvia,2012,From 15 to 24 years,85.7
Health status,LVA,Latvia,2013,From 15 to 24 years,83.9
Health status,LVA,Latvia,2014,From 15 to 24 years,86.3
Health status,LVA,Latvia,2015,From 15 to 24 years,87.8
Health status,LVA,Latvia,2016,From 15 to 24 years,87.5
Health status,LVA,Latvia,2017,From 15 to 24 years,85.5
Health status,LVA,Latvia,2018,From 15 to 24 years,84.9
Health status,LVA,Latvia,2019,From 15 to 24 years,87
Health status,LVA,Latvia,2020,From 15 to 24 years,89.4
Health status,LVA,Latvia,2021,From 15 to 24 years,88.9
Health status,LVA,Latvia,2022,From 15 to 24 years,90.3
Health status,LVA,Latvia,2023,From 15 to 24 years,86.2
Health status,FIN,Finland,1980,From 15 to 24 years,83.6
Health status,FIN,Finland,1981,From 15 to 24 years,85.1
Health status,FIN,Finland,1982,From 15 to 24 years,84.4
Health status,FIN,Finland,1983,From 15 to 24 years,85.4
Health status,FIN,Finland,1984,From 15 to 24 years,82.1
Health status,FIN,Finland,1985,From 15 to 24 years,82.3
Health status,FIN,Finland,1986,From 15 to 24 years,82.1
Health status,FIN,Finland,1987,From 15 to 24 years,83
Health status,FIN,Finland,1988,From 15 to 24 years,80.3
Health status,FIN,Finland,1989,From 15 to 24 years,81
Health status,FIN,Finland,1990,From 15 to 24 years,83.3
Health status,FIN,Finland,1991,From 15 to 24 years,83.1
Health status,FIN,Finland,1992,From 15 to 24 years,83.3
Health status,FIN,Finland,1993,From 15 to 24 years,89.4
Health status,FIN,Finland,1994,From 15 to 24 years,89.3
Health status,FIN,Finland,1995,From 15 to 24 years,88.1
Health status,FIN,Finland,1996,From 15 to 24 years,78.7
Health status,FIN,Finland,1997,From 15 to 24 years,81.1
Health status,FIN,Finland,1998,From 15 to 24 years,80.5
Health status,FIN,Finland,1999,From 15 to 24 years,82.6
Health status,FIN,Finland,2000,From 15 to 24 years,79.5
Health status,FIN,Finland,2001,From 15 to 24 years,79.9
Health status,FIN,Finland,2002,From 15 to 24 years,81.9
Health status,FIN,Finland,2003,From 15 to 24 years,78.2
Health status,FIN,Finland,2004,From 15 to 24 years,91.1
Health status,FIN,Finland,2005,From 15 to 24 years,91.3
Health status,FIN,Finland,2006,From 15 to 24 years,88.9
Health status,FIN,Finland,2007,From 15 to 24 years,93.1
Health status,FIN,Finland,2008,From 15 to 24 years,91
Health status,FIN,Finland,2009,From 15 to 24 years,91.4
Health status,FIN,Finland,2010,From 15 to 24 years,91.2
Health status,FIN,Finland,2011,From 15 to 24 years,89.1
Health status,FIN,Finland,2012,From 15 to 24 years,86.4
Health status,FIN,Finland,2013,From 15 to 24 years,84.2
Health status,FIN,Finland,2014,From 15 to 24 years,92.7
Health status,FIN,Finland,2015,From 15 to 24 years,87.7
Health status,FIN,Finland,2016,From 15 to 24 years,89.9
Health status,FIN,Finland,2017,From 15 to 24 years,86.5
Health status,FIN,Finland,2018,From 15 to 24 years,84.8
Health status,FIN,Finland,2019,From 15 to 24 years,83.8
Health status,FIN,Finland,2020,From 15 to 24 years,81.3
Health status,FIN,Finland,2021,From 15 to 24 years,85.1
Health status,FIN,Finland,2022,From 15 to 24 years,82.6
Health status,FIN,Finland,2023,From 15 to 24 years,85
Health status,NOR,Norway,1995,From 25 to 44 years,89.7
Health status,NOR,Norway,1998,From 25 to 44 years,87.3
Health status,NOR,Norway,2002,From 25 to 44 years,87.3
Health status,NOR,Norway,2004,From 25 to 44 years,81.6
Health status,NOR,Norway,2005,From 25 to 44 years,83.5
Health status,NOR,Norway,2006,From 25 to 44 years,84.3
Health status,NOR,Norway,2007,From 25 to 44 years,83.8
Health status,NOR,Norway,2008,From 25 to 44 years,83.1
Health status,NOR,Norway,2009,From 25 to 44 years,82.6
Health status,NOR,Norway,2010,From 25 to 44 years,82.3
Health status,NOR,Norway,2011,From 25 to 44 years,79.8
Health status,NOR,Norway,2012,From 25 to 44 years,83.8
Health status,NOR,Norway,2013,From 25 to 44 years,83
Health status,NOR,Norway,2014,From 25 to 44 years,85.6
Health status,NOR,Norway,2015,From 25 to 44 years,85
Health status,HUN,Hungary,2000,From 15 to 24 years,76.5
Health status,HUN,Hungary,2003,From 15 to 24 years,80.4
Health status,HUN,Hungary,2005,From 15 to 24 years,86.2
Health status,HUN,Hungary,2006,From 15 to 24 years,89
Health status,HUN,Hungary,2007,From 15 to 24 years,88.7
Health status,HUN,Hungary,2008,From 15 to 24 years,93.2
Health status,HUN,Hungary,2009,From 15 to 24 years,93.7
Health status,HUN,Hungary,2010,From 15 to 24 years,93
Health status,HUN,Hungary,2011,From 15 to 24 years,93.6
Health status,HUN,Hungary,2012,From 15 to 24 years,93.9
Health status,HUN,Hungary,2013,From 15 to 24 years,92.9
Health status,HUN,Hungary,2014,From 15 to 24 years,93.8
Health status,HUN,Hungary,2015,From 15 to 24 years,93.3
Health status,HUN,Hungary,2016,From 15 to 24 years,93.1
Health status,HUN,Hungary,2017,From 15 to 24 years,93
Health status,HUN,Hungary,2018,From 15 to 24 years,95
Health status,HUN,Hungary,2019,From 15 to 24 years,94.5
Health status,HUN,Hungary,2020,From 15 to 24 years,93.2
Health status,HUN,Hungary,2021,From 15 to 24 years,93.7
Health status,HUN,Hungary,2022,From 15 to 24 years,94.5
Health status,HUN,Hungary,2023,From 15 to 24 years,95.6
Health status,JPN,Japan,1980,From 25 to 44 years,38.9
Health status,JPN,Japan,1984,From 25 to 44 years,48.1
Health status,JPN,Japan,1986,From 25 to 44 years,42.3
Health status,JPN,Japan,1989,From 25 to 44 years,48.1
Health status,JPN,Japan,1992,From 25 to 44 years,51.8
Health status,JPN,Japan,1995,From 25 to 44 years,54.8
Health status,JPN,Japan,1998,From 25 to 44 years,48.2
Health status,JPN,Japan,2001,From 25 to 44 years,45.8
Health status,JPN,Japan,2004,From 25 to 44 years,46.8
Health status,JPN,Japan,2007,From 25 to 44 years,41.9
Health status,JPN,Japan,2010,From 25 to 44 years,38.6
Health status,JPN,Japan,2013,From 25 to 44 years,42.5
Health status,JPN,Japan,2016,From 25 to 44 years,42.6
Health status,JPN,Japan,2019,From 25 to 44 years,43.8
Health status,JPN,Japan,2022,From 25 to 44 years,46.1
Health status,EST,Estonia,2004,From 25 to 44 years,67.8
Health status,EST,Estonia,2005,From 25 to 44 years,73.9
Health status,EST,Estonia,2006,From 25 to 44 years,74.8
Health status,EST,Estonia,2007,From 25 to 44 years,75.5
Health status,EST,Estonia,2008,From 25 to 44 years,79.5
Health status,EST,Estonia,2009,From 25 to 44 years,76.4
Health status,EST,Estonia,2010,From 25 to 44 years,77.6
Health status,EST,Estonia,2011,From 25 to 44 years,77.7
Health status,EST,Estonia,2012,From 25 to 44 years,80
Health status,EST,Estonia,2013,From 25 to 44 years,79.4
Health status,EST,Estonia,2014,From 25 to 44 years,80.2
Health status,EST,Estonia,2015,From 25 to 44 years,79.4
Health status,CHE,Switzerland,1992,From 15 to 24 years,91.5
Health status,CHE,Switzerland,1997,From 15 to 24 years,91.2
Health status,CHE,Switzerland,2002,From 15 to 24 years,92.9
Health status,CHE,Switzerland,2007,From 15 to 24 years,92.9
Health status,CHE,Switzerland,2008,From 15 to 24 years,92.8
Health status,CHE,Switzerland,2009,From 15 to 24 years,90.7
Health status,CHE,Switzerland,2010,From 15 to 24 years,92.6
Health status,CHE,Switzerland,2011,From 15 to 24 years,91.9
Health status,CHE,Switzerland,2012,From 15 to 24 years,93.3
Health status,CHE,Switzerland,2013,From 15 to 24 years,90.6
Health status,CHE,Switzerland,2014,From 15 to 24 years,88.1
Health status,CHE,Switzerland,2015,From 15 to 24 years,90.3
Health status,CHE,Switzerland,2016,From 15 to 24 years,89.8
Health status,CHE,Switzerland,2017,From 15 to 24 years,93
Health status,CHE,Switzerland,2018,From 15 to 24 years,93.4
Health status,CHE,Switzerland,2019,From 15 to 24 years,94.3
Health status,CHE,Switzerland,2020,From 15 to 24 years,93.5
Health status,CHE,Switzerland,2021,From 15 to 24 years,92.5
Health status,CHE,Switzerland,2022,From 15 to 24 years,91
Health status,CZE,Czechia,1993,From 15 to 24 years,85.9
Health status,CZE,Czechia,1996,From 15 to 24 years,86.7
Health status,CZE,Czechia,1999,From 15 to 24 years,78.3
Health status,CZE,Czechia,2002,From 15 to 24 years,91.1
Health status,CZE,Czechia,2005,From 15 to 24 years,93
Health status,CZE,Czechia,2006,From 15 to 24 years,93.4
Health status,CZE,Czechia,2007,From 15 to 24 years,93.4
Health status,CZE,Czechia,2008,From 15 to 24 years,94.7
Health status,CZE,Czechia,2009,From 15 to 24 years,94.9
Health status,CZE,Czechia,2010,From 15 to 24 years,95.7
Health status,CZE,Czechia,2011,From 15 to 24 years,93.6
Health status,CZE,Czechia,2012,From 15 to 24 years,95.4
Health status,CZE,Czechia,2013,From 15 to 24 years,94.8
Health status,CZE,Czechia,2014,From 15 to 24 years,95.1
Health status,CZE,Czechia,2015,From 15 to 24 years,94.7
Health status,CZE,Czechia,2016,From 15 to 24 years,95.2
Health status,CZE,Czechia,2017,From 15 to 24 years,94.1
Health status,CZE,Czechia,2018,From 15 to 24 years,96.7
Health status,CZE,Czechia,2019,From 15 to 24 years,95.4
Health status,CZE,Czechia,2020,From 15 to 24 years,93.5
Health status,CZE,Czechia,2021,From 15 to 24 years,95.3
Health status,CZE,Czechia,2022,From 15 to 24 years,93.6
Health status,CZE,Czechia,2023,From 15 to 24 years,94.4
Health status,GBR,United Kingdom,1991,From 25 to 44 years,86.2
Health status,GBR,United Kingdom,1992,From 25 to 44 years,88.1
Health status,GBR,United Kingdom,1993,From 25 to 44 years,85.4
Health status,GBR,United Kingdom,1994,From 25 to 44 years,85.3
Health status,GBR,United Kingdom,1995,From 25 to 44 years,85.4
Health status,GBR,United Kingdom,1996,From 25 to 44 years,85.2
Health status,GBR,United Kingdom,1997,From 25 to 44 years,83.5
Health status,GBR,United Kingdom,1998,From 25 to 44 years,83
Health status,GBR,United Kingdom,1999,From 25 to 44 years,84
Health status,GBR,United Kingdom,2000,From 25 to 44 years,82.7
Health status,GBR,United Kingdom,2001,From 25 to 44 years,84.5
Health status,GBR,United Kingdom,2002,From 25 to 44 years,83.3
Health status,GBR,United Kingdom,2003,From 25 to 44 years,83.4
Health status,GBR,United Kingdom,2004,From 25 to 44 years,84.1
Health status,GBR,United Kingdom,2005,From 25 to 44 years,84.3
Health status,GBR,United Kingdom,2006,From 25 to 44 years,86.1
Health status,GBR,United Kingdom,2007,From 25 to 44 years,86.5
Health status,GBR,United Kingdom,2008,From 25 to 44 years,89
Health status,GBR,United Kingdom,2009,From 25 to 44 years,88.5
Health status,GBR,United Kingdom,2010,From 25 to 44 years,88.4
Health status,GBR,United Kingdom,2011,From 25 to 44 years,86.4
Health status,GBR,United Kingdom,2012,From 25 to 44 years,85.1
Health status,GBR,United Kingdom,2013,From 25 to 44 years,86
Health status,GBR,United Kingdom,2014,From 25 to 44 years,81.5
Health status,GBR,United Kingdom,2015,From 25 to 44 years,81
Health status,GBR,United Kingdom,2019,From 25 to 44 years,82.8
Health status,CAN,Canada,1994,From 15 to 24 years,95.9
Health status,CAN,Canada,1996,From 15 to 24 years,95.9
Health status,CAN,Canada,1998,From 15 to 24 years,97.7
Health status,CAN,Canada,2001,From 15 to 24 years,94.7
Health status,CAN,Canada,2003,From 15 to 24 years,94.1
Health status,CAN,Canada,2005,From 15 to 24 years,94.8
Health status,CAN,Canada,2007,From 15 to 24 years,93.8
Health status,CAN,Canada,2008,From 15 to 24 years,94.6
Health status,CAN,Canada,2009,From 15 to 24 years,95.1
Health status,CAN,Canada,2010,From 15 to 24 years,95
Health status,CAN,Canada,2011,From 15 to 24 years,93.8
Health status,CAN,Canada,2012,From 15 to 24 years,94.6
Health status,CAN,Canada,2013,From 15 to 24 years,94.8
Health status,CAN,Canada,2014,From 15 to 24 years,94.1
Health status,CAN,Canada,2015,From 15 to 24 years,94.6
Health status,CAN,Canada,2016,From 15 to 24 years,94
Health status,CAN,Canada,2017,From 15 to 24 years,94.7
Health status,CAN,Canada,2018,From 15 to 24 years,93.5
Health status,CAN,Canada,2019,From 15 to 24 years,93.8
Health status,CAN,Canada,2020,From 15 to 24 years,94.7
Health status,CAN,Canada,2021,From 15 to 24 years,93.7
Health status,CAN,Canada,2022,From 15 to 24 years,91.2
Health status,HRV,Croatia,2010,From 25 to 44 years,78
Health status,HRV,Croatia,2014,From 25 to 44 years,84.1
Health status,HRV,Croatia,2015,From 25 to 44 years,85.9
Health status,EST,Estonia,2004,From 15 to 24 years,85.3
Health status,EST,Estonia,2005,From 15 to 24 years,87.7
Health status,EST,Estonia,2006,From 15 to 24 years,85.6
Health status,EST,Estonia,2007,From 15 to 24 years,88.5
Health status,EST,Estonia,2008,From 15 to 24 years,90.9
Health status,EST,Estonia,2009,From 15 to 24 years,87.6
Health status,EST,Estonia,2010,From 15 to 24 years,87.7
Health status,EST,Estonia,2011,From 15 to 24 years,85.7
Health status,EST,Estonia,2012,From 15 to 24 years,86.6
Health status,EST,Estonia,2013,From 15 to 24 years,89.8
Health status,EST,Estonia,2014,From 15 to 24 years,87.3
Health status,EST,Estonia,2015,From 15 to 24 years,85.9
Health status,EST,Estonia,2016,From 15 to 24 years,84.2
Health status,EST,Estonia,2017,From 15 to 24 years,85.2
Health status,EST,Estonia,2018,From 15 to 24 years,80.9
Health status,EST,Estonia,2019,From 15 to 24 years,87.6
Health status,EST,Estonia,2020,From 15 to 24 years,90.2
Health status,EST,Estonia,2021,From 15 to 24 years,86.4
Health status,EST,Estonia,2022,From 15 to 24 years,88.1
Health status,EST,Estonia,2023,From 15 to 24 years,86.1
Health status,PRT,Portugal,2004,From 15 to 24 years,81.7
Health status,PRT,Portugal,2005,From 15 to 24 years,83
Health status,PRT,Portugal,2006,From 15 to 24 years,86.3
Health status,PRT,Portugal,2007,From 15 to 24 years,83.7
Health status,PRT,Portugal,2008,From 15 to 24 years,84.8
Health status,PRT,Portugal,2009,From 15 to 24 years,84.3
Health status,PRT,Portugal,2010,From 15 to 24 years,83.9
Health status,PRT,Portugal,2011,From 15 to 24 years,86.1
Health status,PRT,Portugal,2012,From 15 to 24 years,84.2
Health status,PRT,Portugal,2013,From 15 to 24 years,84
Health status,PRT,Portugal,2014,From 15 to 24 years,82.5
Health status,PRT,Portugal,2015,From 15 to 24 years,83.1
Health status,PRT,Portugal,2016,From 15 to 24 years,85.6
Health status,PRT,Portugal,2017,From 15 to 24 years,84.1
Health status,PRT,Portugal,2018,From 15 to 24 years,84
Health status,PRT,Portugal,2019,From 15 to 24 years,85.9
Health status,PRT,Portugal,2020,From 15 to 24 years,86.2
Health status,PRT,Portugal,2021,From 15 to 24 years,83.4
Health status,PRT,Portugal,2022,From 15 to 24 years,86.2
Health status,PRT,Portugal,2023,From 15 to 24 years,86.1
Health status,ROU,Romania,2008,From 25 to 44 years,91.2
Health status,ROU,Romania,2009,From 25 to 44 years,92.1
Health status,ROU,Romania,2010,From 25 to 44 years,92.7
Health status,ROU,Romania,2011,From 25 to 44 years,91.6
Health status,ROU,Romania,2012,From 25 to 44 years,92.9
Health status,ROU,Romania,2013,From 25 to 44 years,92.9
Health status,ROU,Romania,2014,From 25 to 44 years,93.3
Health status,ROU,Romania,2015,From 25 to 44 years,94
Health status,ISR,Israel,2002,From 15 to 24 years,95.9
Health status,ISR,Israel,2003,From 15 to 24 years,95.8
Health status,ISR,Israel,2004,From 15 to 24 years,94.8
Health status,ISR,Israel,2005,From 15 to 24 years,95
Health status,ISR,Israel,2006,From 15 to 24 years,97.8
Health status,ISR,Israel,2007,From 15 to 24 years,95.1
Health status,ISR,Israel,2008,From 15 to 24 years,97.3
Health status,ISR,Israel,2009,From 15 to 24 years,96.8
Health status,ISR,Israel,2010,From 15 to 24 years,97.5
Health status,ISR,Israel,2011,From 15 to 24 years,97.8
Health status,ISR,Israel,2012,From 15 to 24 years,98.6
Health status,ISR,Israel,2013,From 15 to 24 years,96.8
Health status,ISR,Israel,2014,From 15 to 24 years,98.4
Health status,ISR,Israel,2015,From 15 to 24 years,97.8
Health status,ISR,Israel,2016,From 15 to 24 years,97.5
Health status,ISR,Israel,2017,From 15 to 24 years,93.2
Health status,ISR,Israel,2018,From 15 to 24 years,93
Health status,ISR,Israel,2019,From 15 to 24 years,91.6
Health status,ISR,Israel,2020,From 15 to 24 years,92.8
Health status,ISR,Israel,2021,From 15 to 24 years,92.8
Health status,ISR,Israel,2022,From 15 to 24 years,92.9
Health status,JPN,Japan,1980,From 15 to 24 years,47.7
Health status,JPN,Japan,1984,From 15 to 24 years,57.7
Health status,JPN,Japan,1986,From 15 to 24 years,50.2
Health status,JPN,Japan,1989,From 15 to 24 years,59.8
Health status,JPN,Japan,1992,From 15 to 24 years,62.9
Health status,JPN,Japan,1995,From 15 to 24 years,62.3
Health status,JPN,Japan,1998,From 15 to 24 years,54.9
Health status,JPN,Japan,2001,From 15 to 24 years,51
Health status,JPN,Japan,2004,From 15 to 24 years,51.6
Health status,JPN,Japan,2007,From 15 to 24 years,47.6
Health status,JPN,Japan,2010,From 15 to 24 years,45.5
Health status,JPN,Japan,2013,From 15 to 24 years,53.3
Health status,JPN,Japan,2016,From 15 to 24 years,54.5
Health status,JPN,Japan,2019,From 15 to 24 years,56.2
Health status,JPN,Japan,2022,From 15 to 24 years,60.7
Health status,SVN,Slovenia,2005,From 15 to 24 years,86.8
Health status,SVN,Slovenia,2006,From 15 to 24 years,88
Health status,SVN,Slovenia,2007,From 15 to 24 years,85.5
Health status,SVN,Slovenia,2008,From 15 to 24 years,88.7
Health status,SVN,Slovenia,2009,From 15 to 24 years,87.3
Health status,SVN,Slovenia,2010,From 15 to 24 years,87.4
Health status,SVN,Slovenia,2011,From 15 to 24 years,90.6
Health status,SVN,Slovenia,2012,From 15 to 24 years,90.6
Health status,SVN,Slovenia,2013,From 15 to 24 years,92.8
Health status,SVN,Slovenia,2014,From 15 to 24 years,91.4
Health status,SVN,Slovenia,2015,From 15 to 24 years,92.6
Health status,SVN,Slovenia,2016,From 15 to 24 years,89.3
Health status,SVN,Slovenia,2017,From 15 to 24 years,88.5
Health status,SVN,Slovenia,2018,From 15 to 24 years,87.9
Health status,SVN,Slovenia,2019,From 15 to 24 years,91.9
Health status,SVN,Slovenia,2020,From 15 to 24 years,93.1
Health status,SVN,Slovenia,2021,From 15 to 24 years,93.2
Health status,SVN,Slovenia,2022,From 15 to 24 years,90.9
Health status,SVN,Slovenia,2023,From 15 to 24 years,89.7
Health status,PRT,Portugal,2004,From 25 to 44 years,64
Health status,PRT,Portugal,2005,From 25 to 44 years,66.1
Health status,PRT,Portugal,2006,From 25 to 44 years,70.7
Health status,PRT,Portugal,2007,From 25 to 44 years,67
Health status,PRT,Portugal,2008,From 25 to 44 years,70.1
Health status,PRT,Portugal,2009,From 25 to 44 years,70
Health status,PRT,Portugal,2010,From 25 to 44 years,70.9
Health status,PRT,Portugal,2011,From 25 to 44 years,73.3
Health status,PRT,Portugal,2012,From 25 to 44 years,73
Health status,PRT,Portugal,2013,From 25 to 44 years,70.1
Health status,PRT,Portugal,2014,From 25 to 44 years,70.1
Health status,PRT,Portugal,2015,From 25 to 44 years,71
Health status,CHL,Chile,2000,From 25 to 44 years,60.6
Health status,CHL,Chile,2006,From 25 to 44 years,61.6
Health status,CHL,Chile,2009,From 25 to 44 years,63.5
Health status,CHL,Chile,2013,From 25 to 44 years,68.6
Health status,CHL,Chile,2015,From 25 to 44 years,67.6
Health status,CHL,Chile,2017,From 25 to 44 years,71.4
Health status,CHL,Chile,2021,From 25 to 44 years,56.3
Health status,ITA,Italy,1994,From 15 to 24 years,89.7
Health status,ITA,Italy,1999,From 15 to 24 years,85.6
Health status,ITA,Italy,2000,From 15 to 24 years,85.9
Health status,ITA,Italy,2001,From 15 to 24 years,87.9
Health status,ITA,Italy,2002,From 15 to 24 years,87.5
Health status,ITA,Italy,2003,From 15 to 24 years,88.2
Health status,ITA,Italy,2004,From 15 to 24 years,92.3
Health status,ITA,Italy,2005,From 15 to 24 years,92.7
Health status,ITA,Italy,2006,From 15 to 24 years,92.5
Health status,ITA,Italy,2007,From 15 to 24 years,93.7
Health status,ITA,Italy,2008,From 15 to 24 years,93.7
Health status,ITA,Italy,2009,From 15 to 24 years,94.4
Health status,ITA,Italy,2010,From 15 to 24 years,95
Health status,ITA,Italy,2011,From 15 to 24 years,94.4
Health status,ITA,Italy,2012,From 15 to 24 years,94.8
Health status,ITA,Italy,2013,From 15 to 24 years,95.2
Health status,ITA,Italy,2014,From 15 to 24 years,95.1
Health status,ITA,Italy,2015,From 15 to 24 years,95.4
Health status,ITA,Italy,2016,From 15 to 24 years,95.4
Health status,ITA,Italy,2017,From 15 to 24 years,97.7
Health status,ITA,Italy,2018,From 15 to 24 years,96
Health status,ITA,Italy,2019,From 15 to 24 years,94.3
Health status,ITA,Italy,2021,From 15 to 24 years,95.5
Health status,ITA,Italy,2022,From 15 to 24 years,95.6
Health status,ITA,Italy,2023,From 15 to 24 years,96
Health status,HUN,Hungary,2000,From 25 to 44 years,57.1
Health status,HUN,Hungary,2003,From 25 to 44 years,64.9
Health status,HUN,Hungary,2005,From 25 to 44 years,68
Health status,HUN,Hungary,2006,From 25 to 44 years,70.2
Health status,HUN,Hungary,2007,From 25 to 44 years,69.3
Health status,HUN,Hungary,2008,From 25 to 44 years,78.2
Health status,HUN,Hungary,2009,From 25 to 44 years,80.2
Health status,HUN,Hungary,2010,From 25 to 44 years,79.9
Health status,HUN,Hungary,2011,From 25 to 44 years,81.9
Health status,HUN,Hungary,2012,From 25 to 44 years,83.8
Health status,HUN,Hungary,2013,From 25 to 44 years,83.3
Health status,HUN,Hungary,2014,From 25 to 44 years,85
Health status,HUN,Hungary,2015,From 25 to 44 years,83.1
Health status,AUT,Austria,2004,From 25 to 44 years,87.2
Health status,AUT,Austria,2005,From 25 to 44 years,88.5
Health status,AUT,Austria,2006,From 25 to 44 years,87.8
Health status,AUT,Austria,2007,From 25 to 44 years,88.1
Health status,AUT,Austria,2008,From 25 to 44 years,85.4
Health status,AUT,Austria,2009,From 25 to 44 years,84
Health status,AUT,Austria,2010,From 25 to 44 years,85
Health status,AUT,Austria,2011,From 25 to 44 years,83.3
Health status,AUT,Austria,2012,From 25 to 44 years,84.2
Health status,AUT,Austria,2013,From 25 to 44 years,83.2
Health status,AUT,Austria,2014,From 25 to 44 years,83.7
Health status,AUT,Austria,2015,From 25 to 44 years,84.3
Health status,ISR,Israel,2002,From 25 to 44 years,89.2
Health status,ISR,Israel,2003,From 25 to 44 years,91.1
Health status,ISR,Israel,2004,From 25 to 44 years,90.3
Health status,ISR,Israel,2005,From 25 to 44 years,90.4
Health status,ISR,Israel,2006,From 25 to 44 years,91.8
Health status,ISR,Israel,2007,From 25 to 44 years,92.2
Health status,ISR,Israel,2008,From 25 to 44 years,93
Health status,ISR,Israel,2009,From 25 to 44 years,92.2
Health status,ISR,Israel,2010,From 25 to 44 years,93.6
Health status,ISR,Israel,2011,From 25 to 44 years,94
Health status,ISR,Israel,2012,From 25 to 44 years,94.3
Health status,ISR,Israel,2013,From 25 to 44 years,93.1
Health status,ISR,Israel,2014,From 25 to 44 years,95.4
Health status,ISR,Israel,2015,From 25 to 44 years,93.6
Health status,ISR,Israel,2016,From 25 to 44 years,94.6
Health status,ISR,Israel,2017,From 25 to 44 years,88.6
Health status,ISR,Israel,2018,From 25 to 44 years,89.1
Health status,ISR,Israel,2019,From 25 to 44 years,89.3
Health status,ISR,Israel,2020,From 25 to 44 years,90.1
Health status,ISR,Israel,2021,From 25 to 44 years,86.9
Health status,ISR,Israel,2022,From 25 to 44 years,87.3
Health status,LUX,Luxembourg,2003,From 15 to 24 years,95
Health status,LUX,Luxembourg,2004,From 15 to 24 years,93.9
Health status,LUX,Luxembourg,2005,From 15 to 24 years,94.2
Health status,LUX,Luxembourg,2006,From 15 to 24 years,96.3
Health status,LUX,Luxembourg,2007,From 15 to 24 years,94.7
Health status,LUX,Luxembourg,2008,From 15 to 24 years,93.5
Health status,LUX,Luxembourg,2009,From 15 to 24 years,93.3
Health status,LUX,Luxembourg,2010,From 15 to 24 years,94
Health status,LUX,Luxembourg,2011,From 15 to 24 years,92.3
Health status,LUX,Luxembourg,2012,From 15 to 24 years,92.9
Health status,LUX,Luxembourg,2013,From 15 to 24 years,89.9
Health status,LUX,Luxembourg,2014,From 15 to 24 years,92.6
Health status,LUX,Luxembourg,2015,From 15 to 24 years,89.9
Health status,LUX,Luxembourg,2016,From 15 to 24 years,89.4
Health status,LUX,Luxembourg,2017,From 15 to 24 years,88
Health status,LUX,Luxembourg,2018,From 15 to 24 years,88.2
Health status,LUX,Luxembourg,2019,From 15 to 24 years,90.1
Health status,LUX,Luxembourg,2020,From 15 to 24 years,91.5
Health status,LUX,Luxembourg,2021,From 15 to 24 years,92.9
Health status,LUX,Luxembourg,2022,From 15 to 24 years,91.8
Health status,LUX,Luxembourg,2023,From 15 to 24 years,90.5
Health status,ISL,Iceland,1998,From 25 to 44 years,88.4
Health status,ISL,Iceland,2002,From 25 to 44 years,91.9
Health status,ISL,Iceland,2004,From 25 to 44 years,87.8
Health status,ISL,Iceland,2005,From 25 to 44 years,88.7
Health status,ISL,Iceland,2006,From 25 to 44 years,89.4
Health status,ISL,Iceland,2007,From 25 to 44 years,88.9
Health status,ISL,Iceland,2008,From 25 to 44 years,88.6
Health status,ISL,Iceland,2009,From 25 to 44 years,87.5
Health status,ISL,Iceland,2010,From 25 to 44 years,87.1
Health status,ISL,Iceland,2011,From 25 to 44 years,88
Health status,ISL,Iceland,2012,From 25 to 44 years,86.4
Health status,ISL,Iceland,2013,From 25 to 44 years,85.7
Health status,ISL,Iceland,2014,From 25 to 44 years,85.1
Health status,ISL,Iceland,2015,From 25 to 44 years,85.4
Health status,IRL,Ireland,1998,From 25 to 44 years,92.8
Health status,IRL,Ireland,2002,From 25 to 44 years,93.8
Health status,IRL,Ireland,2004,From 25 to 44 years,90.7
Health status,IRL,Ireland,2005,From 25 to 44 years,89.6
Health status,IRL,Ireland,2006,From 25 to 44 years,91.1
Health status,IRL,Ireland,2007,From 25 to 44 years,92.6
Health status,IRL,Ireland,2008,From 25 to 44 years,92.3
Health status,IRL,Ireland,2009,From 25 to 44 years,90.4
Health status,IRL,Ireland,2010,From 25 to 44 years,90.2
Health status,IRL,Ireland,2011,From 25 to 44 years,91
Health status,IRL,Ireland,2012,From 25 to 44 years,89.5
Health status,IRL,Ireland,2013,From 25 to 44 years,90.3
Health status,IRL,Ireland,2014,From 25 to 44 years,89.8
Health status,IRL,Ireland,2015,From 25 to 44 years,89.4
Health status,KOR,Korea,1986,From 25 to 44 years,48.1
Health status,KOR,Korea,1989,From 25 to 44 years,57.2
Health status,KOR,Korea,1992,From 25 to 44 years,49.3
Health status,KOR,Korea,1995,From 25 to 44 years,45.8
Health status,KOR,Korea,1999,From 25 to 44 years,46.1
Health status,KOR,Korea,2003,From 25 to 44 years,48.6
Health status,KOR,Korea,2006,From 25 to 44 years,52.1
Health status,KOR,Korea,2008,From 25 to 44 years,60.9
Health status,KOR,Korea,2010,From 25 to 44 years,53.3
Health status,KOR,Korea,2012,From 25 to 44 years,51.3
Health status,KOR,Korea,2014,From 25 to 44 years,56.3
Health status,KOR,Korea,2016,From 25 to 44 years,54.4
Health status,KOR,Korea,2018,From 25 to 44 years,58.5
Health status,KOR,Korea,2020,From 25 to 44 years,61.1
Health status,KOR,Korea,2022,From 25 to 44 years,64.9
Health status,AUT,Austria,2004,From 15 to 24 years,94
Health status,AUT,Austria,2005,From 15 to 24 years,95.1
Health status,AUT,Austria,2006,From 15 to 24 years,94.7
Health status,AUT,Austria,2007,From 15 to 24 years,95
Health status,AUT,Austria,2008,From 15 to 24 years,94.2
Health status,AUT,Austria,2009,From 15 to 24 years,93.3
Health status,AUT,Austria,2010,From 15 to 24 years,93.6
Health status,AUT,Austria,2011,From 15 to 24 years,92
Health status,AUT,Austria,2012,From 15 to 24 years,94
Health status,AUT,Austria,2013,From 15 to 24 years,92.3
Health status,AUT,Austria,2014,From 15 to 24 years,91
Health status,AUT,Austria,2015,From 15 to 24 years,93.6
Health status,AUT,Austria,2016,From 15 to 24 years,93.3
Health status,AUT,Austria,2017,From 15 to 24 years,91.7
Health status,AUT,Austria,2018,From 15 to 24 years,90.6
Health status,AUT,Austria,2019,From 15 to 24 years,92.7
Health status,AUT,Austria,2020,From 15 to 24 years,94
Health status,AUT,Austria,2021,From 15 to 24 years,92.3
Health status,AUT,Austria,2022,From 15 to 24 years,91
Health status,AUT,Austria,2023,From 15 to 24 years,89.3
Health status,SVN,Slovenia,2005,From 25 to 44 years,70.8
Health status,SVN,Slovenia,2006,From 25 to 44 years,74.6
Health status,SVN,Slovenia,2007,From 25 to 44 years,75
Health status,SVN,Slovenia,2008,From 25 to 44 years,75.8
Health status,SVN,Slovenia,2009,From 25 to 44 years,78.8
Health status,SVN,Slovenia,2010,From 25 to 44 years,78.9
Health status,SVN,Slovenia,2011,From 25 to 44 years,79.2
Health status,SVN,Slovenia,2012,From 25 to 44 years,82.2
Health status,SVN,Slovenia,2013,From 25 to 44 years,83.8
Health status,SVN,Slovenia,2014,From 25 to 44 years,84.3
Health status,SVN,Slovenia,2015,From 25 to 44 years,83.6
Health status,FRA,France,2004,From 25 to 44 years,82.7
Health status,FRA,France,2005,From 25 to 44 years,83.4
Health status,FRA,France,2006,From 25 to 44 years,84.7
Health status,FRA,France,2007,From 25 to 44 years,85.6
Health status,FRA,France,2008,From 25 to 44 years,84.8
Health status,FRA,France,2009,From 25 to 44 years,83.5
Health status,FRA,France,2010,From 25 to 44 years,81.9
Health status,FRA,France,2011,From 25 to 44 years,82
Health status,FRA,France,2012,From 25 to 44 years,82.1
Health status,FRA,France,2013,From 25 to 44 years,81
Health status,FRA,France,2014,From 25 to 44 years,81.9
Health status,FRA,France,2015,From 25 to 44 years,81.2
Health status,SVK,Slovak Republic,2005,From 25 to 44 years,70.6
Health status,SVK,Slovak Republic,2006,From 25 to 44 years,73.3
Health status,SVK,Slovak Republic,2007,From 25 to 44 years,75.2
Health status,SVK,Slovak Republic,2008,From 25 to 44 years,82.3
Health status,SVK,Slovak Republic,2009,From 25 to 44 years,84.1
Health status,SVK,Slovak Republic,2010,From 25 to 44 years,84.2
Health status,SVK,Slovak Republic,2011,From 25 to 44 years,83.7
Health status,SVK,Slovak Republic,2012,From 25 to 44 years,86.4
Health status,SVK,Slovak Republic,2013,From 25 to 44 years,86.1
Health status,SVK,Slovak Republic,2014,From 25 to 44 years,87.5
Health status,SVK,Slovak Republic,2015,From 25 to 44 years,86.9
Health status,LUX,Luxembourg,2003,From 25 to 44 years,85.1
Health status,LUX,Luxembourg,2004,From 25 to 44 years,83.6
Health status,LUX,Luxembourg,2005,From 25 to 44 years,85.3
Health status,LUX,Luxembourg,2006,From 25 to 44 years,86.8
Health status,LUX,Luxembourg,2007,From 25 to 44 years,84.9
Health status,LUX,Luxembourg,2008,From 25 to 44 years,85.1
Health status,LUX,Luxembourg,2009,From 25 to 44 years,84.7
Health status,LUX,Luxembourg,2010,From 25 to 44 years,86.8
Health status,LUX,Luxembourg,2011,From 25 to 44 years,83.2
Health status,LUX,Luxembourg,2012,From 25 to 44 years,83.9
Health status,LUX,Luxembourg,2013,From 25 to 44 years,82.9
Health status,LUX,Luxembourg,2014,From 25 to 44 years,84
Health status,LUX,Luxembourg,2015,From 25 to 44 years,82.6
Health status,AUS,Australia,1989,From 25 to 44 years,87.8
Health status,AUS,Australia,1995,From 25 to 44 years,89.6
Health status,AUS,Australia,1997,From 25 to 44 years,91.1
Health status,AUS,Australia,2001,From 25 to 44 years,87.9
Health status,AUS,Australia,2004,From 25 to 44 years,90
Health status,AUS,Australia,2007,From 25 to 44 years,90.7
Health status,AUS,Australia,2011,From 25 to 44 years,90.5
Health status,AUS,Australia,2014,From 25 to 44 years,90.5
Health status,AUS,Australia,2017,From 25 to 44 years,90.4
Health status,AUS,Australia,2022,From 25 to 44 years,90.3
Health status,AUS,Australia,1989,From 15 to 24 years,88.5
Health status,AUS,Australia,1995,From 15 to 24 years,91.1
Health status,AUS,Australia,1997,From 15 to 24 years,91.3
Health status,AUS,Australia,2001,From 15 to 24 years,90.8
Health status,AUS,Australia,2004,From 15 to 24 years,93.3
Health status,AUS,Australia,2007,From 15 to 24 years,93.2
Health status,AUS,Australia,2011,From 15 to 24 years,90.9
Health status,AUS,Australia,2014,From 15 to 24 years,91
Health status,AUS,Australia,2017,From 15 to 24 years,91.9
Health status,AUS,Australia,2022,From 15 to 24 years,92.8
Health status,ISL,Iceland,1998,From 15 to 24 years,87.7
Health status,ISL,Iceland,2002,From 15 to 24 years,93.2
Health status,ISL,Iceland,2004,From 15 to 24 years,88
Health status,ISL,Iceland,2005,From 15 to 24 years,90.4
Health status,ISL,Iceland,2006,From 15 to 24 years,89.9
Health status,ISL,Iceland,2007,From 15 to 24 years,89.1
Health status,ISL,Iceland,2008,From 15 to 24 years,88.6
Health status,ISL,Iceland,2009,From 15 to 24 years,89.3
Health status,ISL,Iceland,2010,From 15 to 24 years,88.3
Health status,ISL,Iceland,2011,From 15 to 24 years,87.2
Health status,ISL,Iceland,2012,From 15 to 24 years,85.8
Health status,ISL,Iceland,2013,From 15 to 24 years,87.1
Health status,ISL,Iceland,2014,From 15 to 24 years,86.4
Health status,ISL,Iceland,2015,From 15 to 24 years,83.3
Health status,ISL,Iceland,2016,From 15 to 24 years,86.4
Health status,ISL,Iceland,2017,From 15 to 24 years,86.2
Health status,ISL,Iceland,2018,From 15 to 24 years,81.7
Health status,ISL,Iceland,2019,From 15 to 24 years,88
Health status,BGR,Bulgaria,2008,From 15 to 24 years,95.6
Health status,BGR,Bulgaria,2009,From 15 to 24 years,97.3
Health status,BGR,Bulgaria,2010,From 15 to 24 years,97.4
Health status,BGR,Bulgaria,2011,From 15 to 24 years,97.8
Health status,BGR,Bulgaria,2012,From 15 to 24 years,97.7
Health status,BGR,Bulgaria,2013,From 15 to 24 years,97.1
Health status,BGR,Bulgaria,2014,From 15 to 24 years,96.2
Health status,BGR,Bulgaria,2015,From 15 to 24 years,95
Health status,BGR,Bulgaria,2016,From 15 to 24 years,96.1
Health status,BGR,Bulgaria,2017,From 15 to 24 years,95.4
Health status,BGR,Bulgaria,2018,From 15 to 24 years,96.3
Health status,BGR,Bulgaria,2019,From 15 to 24 years,96.9
Health status,BGR,Bulgaria,2020,From 15 to 24 years,96.1
Health status,BGR,Bulgaria,2021,From 15 to 24 years,96.5
Health status,BGR,Bulgaria,2022,From 15 to 24 years,97.6
Health status,BGR,Bulgaria,2023,From 15 to 24 years,94.5
Health status,LTU,Lithuania,2005,From 15 to 24 years,81
Health status,LTU,Lithuania,2006,From 15 to 24 years,82.1
Health status,LTU,Lithuania,2007,From 15 to 24 years,86.5
Health status,LTU,Lithuania,2008,From 15 to 24 years,89.6
Health status,LTU,Lithuania,2009,From 15 to 24 years,89.4
Health status,LTU,Lithuania,2010,From 15 to 24 years,93.7
Health status,LTU,Lithuania,2011,From 15 to 24 years,90.8
Health status,LTU,Lithuania,2012,From 15 to 24 years,91.9
Health status,LTU,Lithuania,2013,From 15 to 24 years,94.4
Health status,LTU,Lithuania,2014,From 15 to 24 years,90.4
Health status,LTU,Lithuania,2015,From 15 to 24 years,87.3
Health status,LTU,Lithuania,2016,From 15 to 24 years,90
Health status,LTU,Lithuania,2017,From 15 to 24 years,87.2
Health status,LTU,Lithuania,2018,From 15 to 24 years,89.8
Health status,LTU,Lithuania,2019,From 15 to 24 years,88.1
Health status,LTU,Lithuania,2020,From 15 to 24 years,92
Health status,LTU,Lithuania,2021,From 15 to 24 years,89.8
Health status,LTU,Lithuania,2022,From 15 to 24 years,84.7
Health status,LTU,Lithuania,2023,From 15 to 24 years,84.1
Health status,COL,Colombia,2018,From 15 to 24 years,92.3
Health status,COL,Colombia,2019,From 15 to 24 years,92.4
Health status,NOR,Norway,1995,From 15 to 24 years,91.8
Health status,NOR,Norway,1998,From 15 to 24 years,91.4
Health status,NOR,Norway,2002,From 15 to 24 years,91.8
Health status,NOR,Norway,2004,From 15 to 24 years,89.7
Health status,NOR,Norway,2005,From 15 to 24 years,88.1
Health status,NOR,Norway,2006,From 15 to 24 years,88.1
Health status,NOR,Norway,2007,From 15 to 24 years,89.8
Health status,NOR,Norway,2008,From 15 to 24 years,89.4
Health status,NOR,Norway,2009,From 15 to 24 years,88.8
Health status,NOR,Norway,2010,From 15 to 24 years,86.4
Health status,NOR,Norway,2011,From 15 to 24 years,83.8
Health status,NOR,Norway,2012,From 15 to 24 years,89.5
Health status,NOR,Norway,2013,From 15 to 24 years,88.3
Health status,NOR,Norway,2014,From 15 to 24 years,88.6
Health status,NOR,Norway,2015,From 15 to 24 years,86.5
Health status,NOR,Norway,2016,From 15 to 24 years,87.4
Health status,NOR,Norway,2017,From 15 to 24 years,86.3
Health status,NOR,Norway,2018,From 15 to 24 years,85.8
Health status,NOR,Norway,2019,From 15 to 24 years,83.8
Health status,NOR,Norway,2020,From 15 to 24 years,86.5
Health status,NOR,Norway,2021,From 15 to 24 years,85
Health status,NOR,Norway,2022,From 15 to 24 years,83
Health status,NOR,Norway,2023,From 15 to 24 years,84
Health status,HRV,Croatia,2010,From 15 to 24 years,92.1
Health status,HRV,Croatia,2011,From 15 to 24 years,95.1
Health status,HRV,Croatia,2012,From 15 to 24 years,96.2
Health status,HRV,Croatia,2013,From 15 to 24 years,94.2
Health status,HRV,Croatia,2014,From 15 to 24 years,95.3
Health status,HRV,Croatia,2015,From 15 to 24 years,95
Health status,HRV,Croatia,2016,From 15 to 24 years,96
Health status,HRV,Croatia,2017,From 15 to 24 years,95.5
Health status,HRV,Croatia,2018,From 15 to 24 years,93.9
Health status,HRV,Croatia,2019,From 15 to 24 years,95.3
Health status,HRV,Croatia,2020,From 15 to 24 years,95.8
Health status,HRV,Croatia,2021,From 15 to 24 years,95.9
Health status,HRV,Croatia,2022,From 15 to 24 years,96.1
Health status,HRV,Croatia,2023,From 15 to 24 years,96.7
